prelim_grade,midterm_grade,semi_final_grade,final_grade,attendance_rate,lab_score,internet_access,digital_literacy,household_income,parental_education,study_hours,working_student,status
62.2,63.8,68.62,63.63,69.11,59.89,1,4,75274,1,6.3,1,Fail
78.04,78.34,75.36,71.68,88.49,82.71,1,2,40102,2,3.7,1,At-Risk
92.67,84.47,88.86,97.86,85.76,91.28,1,1,63617,2,16.4,0,Pass
90.67,96.88,91.1,93.16,88.08,91.32,0,4,49939,2,17.9,0,Pass
94.85,90.98,87.13,93.25,92.45,91.81,0,3,65961,2,14.4,1,Pass
98.17,83.21,98.18,98.72,87.27,98.36,1,1,19872,3,3.1,0,Pass
75.53,82.13,76.4,71.06,78.08,73.87,0,2,16079,2,7.8,0,At-Risk
75.03,72.36,71.83,79.48,82.44,89.84,1,3,31139,3,6.2,0,At-Risk
96.06,94.44,93.0,94.91,89.67,90.33,0,2,26781,4,19.0,1,Pass
83.01,80.72,73.44,78.28,71.1,81.14,0,4,78417,2,19.7,0,At-Risk
72.99,80.48,70.53,73.79,86.45,73.04,1,2,36957,2,9.8,0,At-Risk
92.2,97.47,89.04,90.06,96.89,98.56,0,4,14844,2,10.8,1,Pass
73.96,77.0,71.98,76.6,76.82,82.25,0,5,33269,2,15.0,0,At-Risk
58.61,73.68,61.63,66.54,62.74,78.77,0,2,62223,1,7.4,0,Fail
90.94,88.37,91.99,88.98,94.14,87.32,0,3,13015,3,10.4,0,Pass
85.98,89.64,87.79,80.74,86.31,82.04,1,2,62848,3,3.2,1,Pass
62.86,54.97,57.15,46.15,48.21,48.75,0,5,35966,1,9.2,1,Fail
83.25,79.73,72.67,78.89,87.03,74.81,1,2,19401,4,11.3,0,At-Risk
73.55,83.57,75.76,78.27,71.3,80.87,1,2,54308,3,10.2,1,At-Risk
89.73,83.99,86.6,93.46,96.4,92.3,0,3,35923,2,11.4,0,Pass
89.26,93.17,91.27,96.23,90.64,94.66,1,3,22723,1,17.7,0,Pass
98.95,98.82,95.05,80.69,98.22,96.03,1,4,45598,1,12.9,0,Pass
91.55,85.81,89.22,83.38,94.98,80.8,1,5,76411,2,12.8,1,Pass
75.9,73.44,71.74,66.12,74.83,71.91,0,3,12962,2,11.4,1,At-Risk
97.12,95.95,97.84,88.94,88.33,97.62,1,2,66636,1,10.4,1,Pass
96.44,82.31,92.75,94.41,88.37,85.98,1,3,34784,2,4.8,1,Pass
86.62,98.31,83.57,91.32,88.0,91.65,0,5,50835,2,16.8,1,Pass
56.73,50.41,68.05,65.72,48.29,52.19,1,4,10021,4,18.1,1,Fail
86.78,96.55,87.36,84.2,97.57,94.79,1,5,41353,1,7.5,1,Pass
78.23,72.9,76.37,68.19,73.47,79.07,0,1,39064,4,18.6,1,At-Risk
89.52,86.34,96.73,88.64,97.29,92.8,1,3,52511,4,16.5,1,Pass
94.65,97.3,85.25,82.22,85.72,82.38,1,1,26368,4,9.8,1,Pass
88.41,85.36,92.7,92.98,87.2,92.79,1,2,59200,1,9.9,1,Pass
91.56,89.22,99.98,93.03,87.2,89.57,0,5,64583,1,14.4,0,Pass
96.85,88.87,80.63,89.6,93.76,93.31,1,5,49233,2,12.1,1,Pass
84.88,86.34,80.74,93.94,85.68,87.83,0,3,71953,1,17.6,1,Pass
74.35,77.62,76.0,67.64,72.93,73.8,1,4,24459,2,3.1,1,At-Risk
97.47,84.63,85.24,88.34,87.01,88.48,1,5,78080,2,7.7,0,Pass
98.15,89.91,94.73,93.71,98.92,87.27,1,3,47608,4,12.6,0,Pass
95.84,88.06,91.54,93.37,87.22,97.71,0,1,61779,4,18.4,1,Pass
82.85,80.83,78.12,76.17,89.04,79.78,1,2,68341,4,6.5,1,At-Risk
93.7,96.69,85.29,91.79,87.58,87.97,1,4,23620,2,4.6,1,Pass
88.98,90.24,81.29,93.6,91.69,82.68,0,4,74826,4,11.2,0,Pass
82.29,94.21,99.95,86.91,85.15,82.11,1,2,61238,2,5.4,1,Pass
93.24,88.94,93.31,82.75,99.12,92.85,0,2,68781,3,6.7,0,Pass
56.14,54.44,50.14,58.76,70.41,47.85,1,5,48521,2,10.2,1,Fail
82.83,99.69,95.09,93.15,92.43,89.77,0,1,76028,4,17.3,0,Pass
86.5,87.53,80.37,82.97,87.08,85.45,0,3,48171,2,11.9,1,Pass
75.86,78.66,78.77,75.7,73.54,89.22,1,4,34199,1,14.6,0,At-Risk
70.76,71.67,77.26,71.03,74.74,75.44,0,3,50306,2,13.3,0,At-Risk
97.34,99.01,93.28,87.6,98.2,89.06,1,4,79342,1,9.8,0,Pass
94.07,99.52,87.06,89.53,93.19,82.25,1,5,76824,2,15.6,0,Pass
85.28,83.15,87.91,87.38,97.22,83.43,0,2,11272,2,6.9,1,Pass
88.79,86.92,85.76,86.51,93.56,86.11,0,3,34948,2,2.1,1,Pass
61.78,53.55,44.13,46.87,55.84,58.27,1,2,59262,3,13.9,1,Fail
76.63,84.13,68.87,70.01,72.61,84.57,1,1,12899,1,11.1,1,At-Risk
78.96,70.88,76.61,71.44,85.54,82.29,0,4,31321,2,17.6,1,At-Risk
87.33,84.64,96.25,89.93,95.19,88.51,1,2,79864,2,7.4,0,Pass
82.47,82.51,94.53,83.0,98.22,88.33,1,1,35279,1,11.2,0,Pass
77.08,78.69,77.65,73.91,80.07,89.96,0,2,51253,2,10.8,1,At-Risk
91.03,88.49,90.35,95.81,99.55,91.59,0,1,18385,3,6.5,1,Pass
88.92,87.94,83.87,87.17,90.94,98.12,1,1,38939,4,12.7,0,Pass
73.66,82.44,65.34,74.77,83.1,87.88,0,2,39280,2,9.0,0,At-Risk
78.77,72.48,78.41,69.58,84.4,84.84,1,3,62134,2,4.8,0,At-Risk
84.84,94.22,84.74,83.13,91.43,91.07,1,4,33922,3,9.7,1,Pass
97.68,90.93,91.17,87.73,92.32,96.27,0,2,61457,4,19.5,0,Pass
70.53,79.76,72.97,76.27,70.17,83.14,0,3,21394,2,11.5,0,At-Risk
94.66,87.09,84.95,92.47,90.4,82.08,0,4,43512,4,11.8,0,Pass
84.1,96.82,98.03,95.56,94.7,92.75,1,5,46692,3,19.4,0,Pass
83.69,71.75,70.69,79.33,80.2,74.8,1,2,79575,3,9.1,1,At-Risk
70.66,82.64,75.41,77.11,71.4,78.46,0,1,61493,2,9.4,1,At-Risk
93.88,87.58,97.23,94.03,90.97,82.52,0,2,10754,2,6.6,1,Pass
92.3,99.73,92.2,97.24,92.83,92.4,1,1,21480,1,4.1,1,Pass
78.91,81.78,72.0,66.26,84.56,81.77,0,1,31891,4,10.8,0,At-Risk
73.13,60.8,58.54,45.24,42.5,49.11,0,5,22825,3,16.4,1,Fail
91.18,87.03,97.81,91.6,86.14,98.8,1,2,73086,2,15.2,0,Pass
99.56,88.4,94.27,81.12,90.5,99.5,1,3,25593,3,10.4,1,Pass
95.13,90.06,92.64,94.37,91.5,80.35,0,2,33706,3,12.7,1,Pass
95.08,91.02,89.32,98.98,88.74,95.59,0,2,37534,2,12.3,0,Pass
95.93,93.13,81.67,96.8,93.88,84.1,1,1,78405,2,5.5,1,Pass
84.8,98.97,87.86,85.82,87.87,97.23,0,2,43758,1,18.4,1,Pass
73.64,72.96,65.55,73.21,70.05,87.66,1,3,70194,2,4.9,1,At-Risk
96.5,84.71,80.69,96.7,94.15,87.72,0,1,61847,1,3.4,0,Pass
96.18,97.62,88.57,87.92,90.36,91.29,1,5,38829,1,3.3,1,Pass
94.55,83.85,96.38,92.58,98.45,89.08,1,4,30494,1,7.3,1,Pass
84.93,79.59,74.79,65.29,89.54,71.89,1,5,14368,4,19.6,1,At-Risk
89.18,96.49,87.13,86.29,86.98,87.36,0,5,66868,4,13.3,0,Pass
89.16,88.72,96.78,91.74,91.37,92.52,0,4,44614,2,16.9,0,Pass
79.93,70.1,69.72,73.57,76.4,72.2,0,2,58902,3,16.7,0,At-Risk
71.89,72.91,40.14,64.01,67.75,70.7,1,3,63329,2,13.7,1,Fail
85.11,82.43,93.55,88.83,96.29,87.87,1,1,44508,4,7.0,0,Pass
79.62,73.43,77.19,71.1,89.78,78.99,0,4,22988,2,19.2,1,At-Risk
76.15,81.92,67.48,77.9,79.31,84.24,0,5,26061,2,6.8,0,At-Risk
84.65,79.32,67.91,77.18,78.89,86.59,1,5,53980,3,9.5,0,At-Risk
52.45,63.94,40.98,51.35,43.65,63.7,0,2,42359,4,14.3,0,Fail
81.35,84.33,66.11,69.93,76.23,75.29,1,2,51331,2,14.6,1,At-Risk
95.97,99.8,91.53,91.5,89.8,84.69,0,1,46893,1,20.0,0,Pass
85.71,87.58,97.65,98.53,93.11,93.39,0,5,14253,3,9.7,1,Pass
89.23,98.72,95.23,83.79,97.32,93.67,0,1,21474,4,4.6,1,Pass
99.08,83.24,95.99,90.33,95.33,92.35,0,3,30177,1,7.4,0,Pass
81.92,84.42,72.42,75.29,86.76,79.25,0,1,65995,4,18.5,1,At-Risk
81.01,75.05,70.48,79.29,74.19,84.02,0,4,14270,3,20.0,1,At-Risk
77.12,79.56,72.69,76.77,71.95,83.33,1,2,29099,3,12.5,0,At-Risk
81.93,71.71,72.06,71.26,72.66,80.12,0,2,38403,1,18.2,1,At-Risk
73.44,72.09,76.72,76.16,78.93,82.4,0,4,49923,2,12.8,0,At-Risk
94.51,83.93,92.62,99.94,91.84,90.63,0,1,37098,3,13.6,1,Pass
71.56,60.77,62.75,61.7,42.47,40.93,1,4,47293,4,12.9,1,Fail
83.08,82.63,97.33,86.07,90.27,86.35,1,2,75620,1,4.7,0,Pass
96.03,84.09,91.79,98.05,92.37,91.73,1,2,77452,3,3.1,1,Pass
99.37,82.67,98.01,89.11,98.02,93.41,1,5,77308,3,18.0,0,Pass
77.69,76.12,76.02,73.51,78.84,83.87,1,1,79991,3,9.0,0,At-Risk
85.6,89.12,83.25,95.11,99.04,98.1,1,2,16834,1,18.0,1,Pass
84.97,75.49,76.86,66.2,89.05,71.4,1,4,72010,3,16.3,1,At-Risk
75.37,70.44,73.86,65.8,70.73,73.98,0,2,54037,1,15.6,0,At-Risk
77.64,74.13,75.04,69.84,83.94,74.31,1,5,65911,3,3.3,0,At-Risk
79.7,76.1,66.77,78.33,78.75,87.89,1,4,46114,1,10.8,0,At-Risk
84.09,74.13,72.79,70.0,82.92,83.04,1,4,21981,1,6.4,0,At-Risk
74.94,76.75,72.02,78.66,82.07,81.14,1,1,23270,2,19.0,0,At-Risk
96.25,84.59,82.06,86.26,94.56,82.1,0,5,39004,1,7.9,1,Pass
92.49,84.54,87.68,89.78,88.84,94.63,0,1,58153,1,6.0,1,Pass
83.54,72.68,71.48,70.82,74.62,88.4,0,4,60199,1,11.4,0,At-Risk
89.19,99.41,80.22,97.22,90.93,92.83,0,5,68539,1,19.8,1,Pass
92.47,90.57,87.74,80.27,95.26,96.14,0,2,62142,3,15.4,0,Pass
76.74,84.54,66.86,71.58,82.62,71.94,0,4,52095,2,2.1,1,At-Risk
70.5,82.19,69.85,74.29,77.7,87.12,1,3,17738,3,7.9,0,At-Risk
76.78,75.23,71.87,71.22,77.17,70.48,1,3,55120,2,12.0,0,At-Risk
84.71,77.1,74.55,77.63,79.02,71.07,1,2,44883,1,7.3,1,At-Risk
77.21,75.34,68.67,76.41,76.69,80.84,0,1,51155,1,3.0,1,At-Risk
96.73,84.34,97.81,85.16,88.42,94.68,0,2,44979,2,19.6,1,Pass
92.66,85.84,86.53,83.56,88.24,84.5,0,3,21414,4,7.9,1,Pass
80.31,75.97,75.8,66.33,87.81,88.7,1,4,13113,3,7.7,1,At-Risk
80.59,74.24,68.14,70.39,80.41,73.74,1,3,45162,4,7.5,1,At-Risk
97.67,88.79,81.8,99.89,92.08,92.66,0,2,26620,2,12.8,0,Pass
80.41,70.57,66.63,71.27,79.39,72.71,0,5,44795,1,7.0,0,At-Risk
70.74,70.12,79.92,65.84,87.16,89.47,0,4,55645,4,8.0,1,At-Risk
88.85,87.74,82.68,93.47,90.82,87.23,1,3,76883,1,18.3,0,Pass
84.89,75.58,68.51,70.28,76.31,84.95,1,4,27041,2,9.4,0,At-Risk
86.82,82.77,88.03,96.95,93.87,84.04,1,4,69452,3,12.9,0,Pass
95.75,96.09,92.78,83.55,92.01,88.9,0,2,45559,1,13.1,0,Pass
83.94,79.11,74.51,70.96,80.17,76.86,0,2,32938,3,5.0,1,At-Risk
95.03,92.7,97.35,85.41,97.41,87.26,1,3,41761,4,4.8,1,Pass
93.99,99.02,96.99,92.52,92.55,90.26,1,3,67977,2,2.4,0,Pass
86.87,93.94,94.26,80.43,96.8,84.68,0,4,69141,1,7.7,1,Pass
91.39,89.08,93.26,87.46,94.16,99.78,0,5,20711,1,13.8,0,Pass
88.98,92.41,93.65,88.43,87.2,83.61,0,5,45209,2,2.0,1,Pass
92.43,98.0,93.28,85.14,96.67,88.03,1,1,76602,2,7.4,0,Pass
98.98,96.59,86.19,95.81,90.16,96.4,0,5,65270,4,6.7,1,Pass
79.0,73.96,66.72,70.24,75.17,70.37,1,5,50202,2,3.1,0,At-Risk
74.1,77.85,70.88,79.62,85.96,74.82,0,2,51878,4,7.6,0,At-Risk
95.04,92.52,99.13,82.62,86.52,94.89,1,4,76540,2,16.4,1,Pass
86.97,99.17,98.74,97.26,99.76,81.16,0,5,51595,4,2.5,0,Pass
78.01,75.62,68.71,77.37,84.12,83.77,0,3,13053,2,2.5,0,At-Risk
83.23,77.78,77.56,77.98,72.54,88.23,1,2,29033,1,18.8,0,At-Risk
88.32,99.24,90.95,96.6,95.72,80.92,1,4,53782,2,15.2,0,Pass
74.37,71.86,66.43,77.39,81.87,87.41,0,5,13836,3,7.6,1,At-Risk
84.54,85.51,96.95,89.55,99.92,83.12,0,5,57309,4,14.2,1,Pass
89.17,98.45,81.01,92.89,90.55,82.91,1,4,32952,4,14.9,1,Pass
60.27,66.06,61.37,65.03,74.13,74.48,1,3,25304,2,9.0,1,Fail
79.26,70.03,65.49,74.83,77.71,81.6,0,4,34746,4,8.6,0,At-Risk
73.09,55.08,55.23,62.07,56.11,74.21,1,3,33856,1,8.1,0,Fail
52.22,68.43,64.21,64.6,40.38,61.82,1,3,77548,2,5.6,1,Fail
84.86,90.31,99.7,99.01,97.42,88.85,1,4,34261,3,16.2,0,Pass
82.25,82.88,98.86,81.45,97.61,84.78,1,3,47931,4,7.1,0,Pass
69.31,69.05,45.21,61.07,57.06,48.3,1,5,39091,2,4.9,0,Fail
73.81,71.63,72.34,69.19,85.38,88.03,1,5,45165,4,2.2,1,At-Risk
82.58,90.85,90.74,86.68,94.95,98.98,1,5,24279,2,15.5,1,Pass
74.87,81.67,67.0,72.13,77.38,75.12,0,3,73546,1,10.1,0,At-Risk
72.1,77.15,76.9,79.69,80.15,88.97,1,5,40636,1,17.7,1,At-Risk
61.38,62.56,49.01,41.19,51.89,40.8,1,3,51048,2,15.7,0,Fail
64.48,62.87,68.81,40.99,50.89,54.48,1,1,72574,3,10.5,0,Fail
92.37,84.63,84.36,91.11,86.42,95.94,1,5,38202,4,16.5,0,Pass
98.07,92.56,85.99,94.92,96.99,83.46,0,5,16230,1,16.5,1,Pass
83.4,82.24,98.72,86.57,87.99,83.83,0,1,12392,3,10.7,1,Pass
77.75,80.63,66.79,75.0,76.01,82.34,1,1,46947,3,7.0,0,At-Risk
70.88,72.72,69.49,77.82,85.76,82.66,0,3,46534,1,16.3,0,At-Risk
80.47,84.2,67.15,78.31,72.82,85.8,0,4,10426,2,4.0,1,At-Risk
99.15,97.14,93.45,90.35,90.03,87.34,0,3,73840,1,11.5,1,Pass
84.73,95.14,89.47,97.78,86.65,84.91,1,2,61300,1,13.5,1,Pass
88.1,83.78,86.59,80.16,87.75,87.61,1,3,44160,1,6.5,0,Pass
88.48,90.18,97.32,89.59,94.69,92.56,1,5,21227,3,13.1,1,Pass
86.41,99.42,82.57,85.84,88.5,85.9,1,4,35402,3,5.9,0,Pass
95.3,86.84,97.33,87.24,91.05,93.64,0,1,10724,2,15.1,1,Pass
75.03,77.51,72.06,72.74,74.81,79.55,1,1,15089,1,4.8,0,At-Risk
91.03,94.9,96.39,98.41,96.87,95.85,0,2,75976,3,13.8,0,Pass
78.28,73.9,76.85,78.63,89.08,83.69,0,2,23838,4,9.7,1,At-Risk
88.55,94.78,95.49,80.15,95.61,87.81,1,3,54728,2,13.0,1,Pass
75.07,82.73,70.69,75.18,72.19,71.76,1,3,12954,3,16.2,1,At-Risk
87.78,95.47,88.28,90.54,98.13,89.22,1,5,35507,3,13.3,1,Pass
70.42,78.48,79.93,67.39,73.67,85.71,1,2,52315,4,2.2,1,At-Risk
81.11,74.07,72.77,67.72,81.53,74.15,0,5,36321,3,12.9,0,At-Risk
89.37,99.57,84.67,97.03,92.61,93.83,0,4,70803,3,4.9,1,Pass
86.24,90.66,96.65,92.57,97.83,96.93,1,1,21682,4,3.1,1,Pass
87.59,93.72,98.29,85.12,90.19,80.6,0,5,58392,4,19.3,0,Pass
85.75,98.96,97.94,98.89,90.27,90.63,1,3,49095,1,6.5,0,Pass
71.28,73.26,65.83,73.28,76.62,86.99,1,3,12756,4,5.9,0,At-Risk
66.63,61.24,50.9,63.54,66.82,59.79,1,1,39719,3,3.1,0,Fail
72.94,72.93,76.74,69.92,88.88,85.51,1,2,57955,2,2.9,0,At-Risk
74.03,79.61,67.16,78.16,79.96,82.23,0,3,35810,1,8.8,0,At-Risk
96.26,95.13,81.22,88.44,86.44,89.17,0,1,26524,1,11.7,0,Pass
93.36,89.18,89.13,93.24,85.66,84.09,0,5,28787,2,7.6,0,Pass
70.13,76.44,68.55,74.87,85.55,89.26,1,4,69633,1,9.5,1,At-Risk
73.35,81.99,79.37,72.52,88.54,80.93,1,1,64613,4,4.3,1,At-Risk
89.18,97.54,87.88,81.27,88.32,83.1,1,4,30740,1,17.4,1,Pass
72.38,73.69,79.81,73.48,72.52,71.05,0,2,22783,1,16.0,1,At-Risk
86.76,95.15,89.63,92.25,95.45,96.85,0,3,17492,4,10.5,1,Pass
97.7,84.86,92.11,85.59,95.02,92.79,1,2,24703,4,16.8,0,Pass
96.03,85.77,80.25,81.74,87.46,96.3,0,1,43956,2,15.7,0,Pass
89.59,90.57,87.22,88.43,99.13,93.5,1,1,14311,1,2.9,1,Pass
90.93,84.08,96.37,93.25,98.71,93.38,0,4,51489,1,17.0,1,Pass
76.71,79.97,75.48,79.36,81.22,74.46,0,4,58207,1,13.7,0,At-Risk
76.42,79.53,74.16,68.57,87.04,89.85,0,3,21056,3,17.6,0,At-Risk
80.47,79.48,71.62,70.54,70.75,70.71,1,5,49566,3,12.7,1,At-Risk
70.67,83.07,71.1,71.45,85.84,78.54,0,4,55129,3,4.9,1,At-Risk
97.64,87.21,85.52,98.85,89.12,81.79,0,4,18651,2,2.9,0,Pass
94.23,83.13,89.66,86.33,87.27,96.2,0,5,34291,1,2.0,0,Pass
86.18,88.63,88.85,80.59,93.76,92.4,0,4,59141,3,16.5,1,Pass
64.39,63.55,41.3,53.54,65.8,45.16,1,5,40689,2,12.1,0,Fail
77.55,79.3,79.55,77.84,84.06,74.98,0,2,71795,3,17.8,1,At-Risk
97.96,87.09,94.61,85.1,90.76,86.53,0,4,74035,1,5.6,1,Pass
97.69,87.36,89.84,90.04,87.99,82.75,0,1,65828,2,7.1,1,Pass
96.31,98.18,88.91,99.51,89.48,83.28,1,5,68912,3,15.2,0,Pass
76.98,70.92,79.93,71.02,81.9,83.5,0,3,73511,2,3.0,0,At-Risk
89.55,95.85,86.01,93.98,97.03,81.84,0,1,64005,1,5.0,1,Pass
73.23,83.05,73.36,78.42,76.92,74.89,1,1,40332,1,16.3,0,At-Risk
82.35,93.26,97.28,93.47,96.71,80.04,1,4,33197,4,2.3,1,Pass
74.51,84.74,71.29,77.63,76.2,70.66,0,2,41815,2,2.4,0,At-Risk
92.55,91.69,88.55,99.39,92.49,81.83,1,4,39880,1,13.8,0,Pass
65.57,53.22,69.91,54.05,58.14,52.38,0,1,79798,4,4.5,0,Fail
74.57,74.52,75.06,78.23,83.16,78.9,0,4,50413,4,9.8,1,At-Risk
88.5,87.16,83.23,81.24,85.32,95.14,1,2,11841,2,9.4,0,Pass
98.9,85.4,93.19,91.17,98.91,90.27,0,5,28730,4,13.8,1,Pass
87.25,83.03,99.69,90.55,90.61,94.97,0,2,30941,3,13.6,1,Pass
74.65,69.01,48.25,65.34,46.78,45.61,1,3,71111,3,9.0,1,Fail
70.12,64.62,51.4,50.8,54.78,68.9,0,3,17914,3,8.5,0,Fail
84.52,92.89,86.86,94.4,97.07,91.92,1,5,20512,3,5.8,1,Pass
85.94,98.22,81.68,82.85,98.46,90.06,1,4,25891,3,5.7,0,Pass
78.43,79.95,75.61,68.13,73.65,89.25,1,3,36427,2,4.3,1,At-Risk
84.64,75.79,66.4,77.31,75.83,86.61,0,5,70362,3,6.4,0,At-Risk
72.88,83.14,65.14,71.43,70.55,77.45,1,5,23812,4,15.3,0,At-Risk
79.74,76.58,75.25,69.99,76.91,87.07,1,4,20315,2,9.9,0,At-Risk
91.83,94.87,99.39,94.26,98.63,81.82,1,2,41100,3,15.9,0,Pass
97.37,99.8,96.43,90.57,96.37,92.16,1,4,48578,2,5.4,1,Pass
93.22,99.05,97.62,88.15,92.82,94.19,0,5,64792,1,7.5,0,Pass
82.39,70.51,69.09,77.38,78.42,76.56,0,4,35144,2,19.5,0,At-Risk
71.23,74.81,68.19,78.41,81.81,76.85,0,5,78583,2,11.7,0,At-Risk
75.09,79.4,78.63,72.85,73.62,85.99,0,4,48600,1,17.7,1,At-Risk
76.91,70.08,69.22,69.61,81.62,77.13,0,1,43290,3,12.4,1,At-Risk
97.36,91.61,85.93,97.49,93.06,84.43,1,1,56504,1,6.7,0,Pass
83.49,88.38,95.22,80.39,89.49,86.17,0,1,49227,3,3.4,0,Pass
70.85,83.13,79.62,68.79,84.97,84.1,0,2,18458,1,14.3,0,At-Risk
86.82,88.38,81.08,80.83,98.22,81.32,1,1,22295,1,19.2,0,Pass
97.2,84.88,84.97,95.15,86.55,99.09,1,2,37261,1,14.5,0,Pass
71.2,63.43,50.35,43.07,66.17,74.27,1,5,67917,3,15.9,1,Fail
83.38,99.05,85.0,81.2,91.46,99.56,1,2,57906,1,3.0,1,Pass
88.73,92.0,91.24,98.89,99.95,86.92,1,3,35538,3,14.3,0,Pass
84.11,93.39,95.56,90.13,93.52,80.56,1,3,45334,3,16.8,1,Pass
98.86,98.49,95.7,99.91,89.43,98.63,0,2,10004,2,3.1,1,Pass
74.65,75.45,68.45,70.37,74.19,75.57,1,3,35225,4,5.3,1,At-Risk
96.52,89.28,80.98,99.14,95.36,88.06,1,5,79690,4,17.6,0,Pass
68.67,53.06,42.37,45.55,67.18,73.16,1,4,46847,4,3.2,0,Fail
89.21,90.08,96.5,89.79,91.85,94.21,1,5,15893,2,4.0,1,Pass
71.85,75.94,79.29,79.75,80.91,73.96,1,3,15017,1,19.4,1,At-Risk
73.72,58.2,47.41,61.27,71.98,68.07,0,3,58075,4,18.8,1,Fail
81.16,74.5,75.07,71.62,81.08,86.63,1,5,17141,1,7.6,1,At-Risk
89.39,92.63,83.11,85.74,86.7,81.71,0,4,13132,4,13.6,1,Pass
82.66,84.7,93.63,94.75,90.73,81.11,1,4,36184,1,12.0,0,Pass
84.19,81.52,79.67,65.39,86.51,71.1,0,4,64952,3,10.2,1,At-Risk
55.61,52.89,59.55,61.95,56.71,50.94,0,2,44040,1,12.2,1,Fail
92.57,86.59,91.49,87.22,90.93,96.09,1,4,26592,3,18.4,0,Pass
88.68,86.42,83.9,90.26,94.36,94.41,0,3,43937,4,4.2,1,Pass
84.02,80.79,65.61,70.57,87.72,80.09,0,2,26258,2,3.1,1,At-Risk
93.21,88.88,83.52,83.12,99.95,97.87,0,2,20384,2,7.6,0,Pass
86.02,99.22,82.89,84.37,89.45,86.7,0,2,65699,1,8.7,1,Pass
86.83,95.37,99.93,82.29,86.37,93.5,0,4,19669,1,4.8,1,Pass
68.81,54.98,55.05,40.5,69.52,57.8,0,5,41559,2,17.7,1,Fail
98.57,90.5,90.21,92.24,93.31,80.65,1,4,48122,3,2.0,0,Pass
98.38,84.32,85.51,89.2,87.27,95.46,0,3,76570,3,16.0,1,Pass
85.78,93.76,96.88,82.91,97.4,95.11,0,5,16759,1,17.6,1,Pass
98.18,91.13,82.76,94.17,96.4,84.34,0,3,60776,1,2.7,1,Pass
95.85,94.6,90.56,87.56,88.96,92.44,1,1,18037,3,12.1,1,Pass
90.64,87.45,94.53,91.74,86.01,92.93,1,1,32445,2,20.0,1,Pass
73.82,76.61,77.22,65.51,75.49,83.94,0,4,31527,1,16.1,1,At-Risk
94.83,87.1,84.17,80.81,93.76,93.56,1,4,56576,1,10.8,1,Pass
81.7,78.52,66.21,65.62,87.23,77.68,0,2,30270,1,11.5,0,At-Risk
94.65,92.16,91.85,86.49,89.28,88.91,1,5,61715,4,4.2,1,Pass
77.78,76.36,66.92,70.83,70.34,84.55,1,2,31737,3,12.4,1,At-Risk
83.53,77.81,75.91,67.69,72.49,89.75,0,3,29789,1,17.5,1,At-Risk
88.34,91.86,80.1,81.64,99.02,81.8,1,4,18925,4,14.9,1,Pass
60.52,58.25,67.95,59.93,59.58,61.04,1,5,77595,2,11.1,1,Fail
71.92,84.82,69.67,65.26,72.4,79.35,1,1,42230,4,16.6,0,At-Risk
91.96,95.24,88.59,87.26,97.81,93.37,0,1,45054,1,18.3,1,Pass
87.12,92.08,80.67,90.39,95.02,87.4,0,3,14297,3,18.7,0,Pass
84.21,93.69,99.97,84.25,89.88,81.36,1,3,13019,1,17.8,0,Pass
96.43,99.08,86.75,98.07,93.66,85.75,0,1,11717,2,15.9,1,Pass
76.39,84.61,73.43,74.63,88.65,74.35,1,5,11790,1,16.7,0,At-Risk
94.49,92.73,86.45,82.63,85.82,97.67,0,3,26755,3,9.6,1,Pass
79.62,72.89,73.78,65.44,85.2,82.11,0,3,41405,1,9.2,0,At-Risk
71.55,66.23,50.97,44.38,69.57,76.69,1,4,56143,3,8.5,1,Fail
82.43,82.98,67.3,67.24,73.37,85.5,1,3,36119,4,5.6,0,At-Risk
86.28,98.56,96.87,92.52,99.26,87.36,0,1,56180,4,3.0,0,Pass
87.21,84.87,94.56,87.05,86.28,95.07,0,3,58389,2,18.5,0,Pass
83.75,99.18,80.43,87.55,96.65,80.94,1,4,37039,2,4.2,1,Pass
87.41,87.67,83.07,84.85,95.19,82.74,0,2,43015,1,5.0,0,Pass
81.43,76.0,78.81,70.89,84.55,84.91,1,5,22978,1,17.8,0,At-Risk
82.27,77.38,75.26,68.99,70.21,88.21,0,5,76850,1,9.4,0,At-Risk
99.33,93.4,98.59,89.69,97.84,98.56,0,4,52897,4,10.1,0,Pass
92.27,88.36,87.7,80.31,93.01,80.26,1,5,60966,1,2.6,0,Pass
94.93,93.01,99.27,80.95,95.91,95.5,0,4,14654,2,12.9,0,Pass
90.66,91.47,80.22,89.95,88.4,93.65,0,3,62625,3,8.9,0,Pass
80.54,84.11,67.32,75.3,86.64,74.12,0,4,15267,2,9.0,0,At-Risk
98.24,93.88,99.46,86.98,92.67,94.29,0,1,71839,4,14.4,1,Pass
87.26,92.42,99.08,93.2,90.44,97.53,1,4,70426,1,3.6,0,Pass
84.4,85.66,82.78,99.48,91.79,88.71,0,2,14053,2,9.3,0,Pass
75.57,78.17,68.3,67.91,88.9,74.74,1,1,48960,4,14.8,1,At-Risk
85.09,99.32,80.23,83.26,86.46,96.88,0,4,37854,1,4.8,0,Pass
50.23,50.47,68.94,67.56,47.83,67.8,1,3,19882,1,17.5,1,Fail
76.02,81.37,69.46,75.8,89.86,81.25,0,4,38949,4,11.8,0,At-Risk
72.93,73.02,50.14,48.31,42.45,66.99,1,4,12018,1,16.9,0,Fail
92.19,92.66,96.42,92.8,93.08,80.8,0,5,48125,2,5.7,0,Pass
96.86,87.49,96.78,93.96,95.41,99.47,0,1,27043,2,3.1,1,Pass
73.23,72.73,69.95,70.6,83.14,82.37,0,5,36029,4,5.7,1,At-Risk
70.74,56.4,53.14,62.48,62.27,68.35,0,5,61467,2,9.0,1,Fail
87.35,89.25,84.53,96.39,96.07,87.41,0,2,62222,2,13.3,0,Pass
85.17,97.03,87.76,80.53,96.04,90.85,0,5,49470,2,2.8,1,Pass
67.95,56.8,56.35,68.67,60.5,53.23,1,5,40466,4,13.9,0,Fail
95.51,91.75,92.77,86.65,92.58,88.37,1,2,76395,4,6.2,1,Pass
77.85,79.46,74.49,71.51,71.67,75.11,1,3,51497,2,13.4,0,At-Risk
95.9,90.08,99.37,81.55,95.29,82.47,0,1,11013,3,2.2,0,Pass
95.52,87.88,81.53,96.55,96.82,99.29,0,3,34980,1,8.5,1,Pass
97.11,92.84,92.96,87.66,88.76,81.04,1,1,14896,3,17.3,1,Pass
83.44,89.44,99.29,91.65,99.91,90.15,0,1,54760,3,13.9,1,Pass
88.06,84.86,99.22,93.84,90.82,99.22,1,4,48258,1,4.9,0,Pass
92.34,93.56,81.31,94.87,89.69,80.87,1,3,70511,3,16.1,0,Pass
94.19,84.0,99.13,83.9,97.66,81.55,1,1,60402,3,11.6,1,Pass
71.79,73.23,65.88,75.41,89.9,72.97,1,1,65570,1,9.0,1,At-Risk
85.56,97.38,95.34,94.2,87.49,81.29,0,3,38933,2,18.4,1,Pass
83.7,96.95,82.81,88.59,93.16,94.16,0,5,75377,1,4.7,0,Pass
50.37,74.99,65.06,44.11,51.47,52.94,0,3,75502,4,4.1,0,Fail
95.12,88.95,84.25,88.82,93.28,91.24,0,5,24536,3,15.7,0,Pass
66.86,60.01,68.86,60.41,57.61,44.99,1,3,13963,4,19.4,0,Fail
94.71,85.79,83.55,88.96,91.57,82.08,1,4,48105,2,10.1,1,Pass
75.16,84.83,74.59,73.35,81.94,88.7,1,1,19790,4,9.5,1,At-Risk
99.97,98.83,90.82,98.55,99.43,82.07,1,5,39728,2,16.1,0,Pass
97.9,84.68,85.19,89.93,85.35,97.9,0,3,25804,3,18.0,1,Pass
87.81,82.16,94.23,90.01,99.58,85.88,1,3,25640,1,12.3,1,Pass
92.3,95.67,83.9,90.76,91.94,92.41,1,2,41951,2,14.5,1,Pass
88.35,92.61,80.78,90.36,98.63,90.72,0,3,17357,4,2.7,1,Pass
83.83,83.88,99.72,95.37,94.88,87.58,0,1,16312,3,11.5,0,Pass
89.81,91.42,92.97,86.09,96.74,88.41,0,5,22588,4,16.3,0,Pass
97.03,96.61,89.82,97.37,93.83,98.19,1,2,53822,2,3.7,0,Pass
72.19,84.05,74.35,68.48,71.3,88.48,1,1,72676,3,10.4,0,At-Risk
53.01,50.36,50.48,60.22,60.86,53.82,0,4,60614,1,8.8,1,Fail
89.27,96.82,89.52,96.84,93.87,95.41,1,4,36258,3,13.9,1,Pass
51.1,69.39,47.74,52.25,62.6,41.47,0,1,29492,4,10.7,1,Fail
85.12,93.88,98.85,97.55,98.17,98.1,1,4,40591,2,16.8,1,Pass
92.12,96.35,98.17,90.61,95.96,93.19,1,5,54011,2,4.9,1,Pass
95.78,99.16,97.75,97.45,99.05,96.44,1,4,23444,1,19.2,0,Pass
76.03,72.16,79.42,72.61,75.73,80.93,0,4,67666,1,7.9,1,At-Risk
97.38,98.36,95.62,92.32,91.27,97.7,0,5,15696,1,7.7,1,Pass
97.6,95.4,93.32,92.71,99.11,81.55,0,4,11150,3,3.0,0,Pass
62.5,70.69,52.67,42.44,73.36,52.3,1,4,58552,4,13.5,1,Fail
79.39,76.39,77.12,73.94,77.44,76.99,1,1,79228,4,19.7,0,At-Risk
84.78,84.28,74.66,75.05,72.94,82.1,0,3,77835,3,8.6,0,At-Risk
97.2,93.96,96.98,92.58,98.61,89.84,0,2,59558,4,16.4,0,Pass
76.8,72.75,79.84,77.78,84.7,77.55,1,5,72343,1,13.5,1,At-Risk
82.8,96.84,97.71,81.74,91.78,84.77,0,1,73018,2,17.8,0,Pass
89.36,82.82,80.53,96.26,98.47,81.82,0,1,46321,1,7.3,0,Pass
82.09,97.93,92.65,85.83,91.16,90.17,0,4,25009,3,8.1,1,Pass
84.6,83.8,82.74,99.33,92.12,82.54,1,3,62875,3,16.3,1,Pass
97.01,98.35,91.68,92.88,86.06,84.85,1,3,16602,4,3.2,1,Pass
99.12,82.31,81.63,95.51,96.26,84.58,0,1,31774,1,11.6,0,Pass
79.76,75.86,72.89,70.39,89.98,84.69,0,4,16908,3,4.8,1,At-Risk
84.11,97.86,92.92,93.13,89.67,83.44,0,2,20223,1,12.3,0,Pass
90.62,96.97,84.08,88.21,88.04,88.5,1,2,72456,2,17.3,0,Pass
88.72,95.15,97.77,98.86,96.82,92.12,1,4,21512,3,3.4,0,Pass
71.07,83.61,78.28,70.51,70.51,79.33,1,1,51675,1,18.7,1,At-Risk
86.58,91.28,99.61,85.49,86.65,83.46,0,2,51601,3,10.0,0,Pass
85.42,83.82,98.57,94.16,97.04,97.41,0,4,71689,2,16.0,1,Pass
78.07,74.28,68.91,67.69,86.22,71.77,0,1,70230,4,19.9,1,At-Risk
86.14,94.22,82.41,96.7,88.88,80.62,0,1,51519,2,5.0,0,Pass
73.54,82.12,67.58,66.42,84.76,89.2,0,2,62546,2,11.9,0,At-Risk
99.48,99.66,92.06,85.11,97.25,99.94,0,2,39480,3,14.8,1,Pass
75.7,73.7,76.89,73.62,89.24,70.05,1,4,19753,4,3.6,0,At-Risk
70.08,83.02,77.49,76.19,78.57,83.51,1,5,27478,2,2.8,0,At-Risk
94.82,88.18,95.89,94.18,98.68,81.36,0,5,32146,2,2.8,1,Pass
78.72,84.6,73.68,66.69,75.22,86.0,1,5,54339,3,17.6,1,At-Risk
86.24,95.0,83.69,90.26,98.03,84.39,1,4,77097,3,16.6,0,Pass
54.8,52.84,42.83,44.82,41.57,79.7,1,4,16835,3,12.0,1,Fail
77.99,79.76,69.84,71.04,72.86,86.04,0,4,74107,2,16.6,0,At-Risk
88.24,98.48,91.74,91.5,93.73,92.04,0,5,56508,1,7.6,0,Pass
78.85,73.52,67.0,70.83,75.51,88.92,0,4,25531,3,6.9,0,At-Risk
90.17,97.68,97.52,87.13,98.32,91.3,0,3,20688,3,6.1,0,Pass
98.94,85.34,82.59,85.24,87.14,88.84,0,4,45248,3,5.8,1,Pass
87.79,96.45,95.69,85.64,85.17,94.0,1,2,72439,4,6.2,0,Pass
83.95,72.25,73.44,67.49,80.13,73.52,1,3,14836,4,11.3,1,At-Risk
80.34,71.74,70.52,79.63,78.68,84.35,1,4,19278,3,9.7,0,At-Risk
97.39,91.36,96.58,80.67,96.81,93.5,1,2,44369,1,17.9,0,Pass
86.58,94.5,83.05,92.14,92.27,87.84,0,2,58422,2,14.4,0,Pass
89.91,96.03,88.9,80.81,95.77,96.54,0,5,79930,3,19.4,0,Pass
95.3,99.71,99.56,83.96,99.95,85.64,0,2,38157,1,16.5,1,Pass
77.2,77.28,70.55,65.0,75.7,82.59,1,1,13574,1,8.4,1,At-Risk
98.3,89.69,96.99,81.24,88.51,97.65,0,3,78708,2,16.7,1,Pass
68.45,66.97,54.08,50.48,66.64,42.3,1,4,15044,4,8.4,1,Fail
93.77,89.66,91.97,91.35,95.39,95.49,0,2,11736,4,6.6,0,Pass
95.11,84.17,93.83,87.11,86.01,84.99,0,1,24539,3,2.7,1,Pass
82.05,97.07,93.69,96.87,89.33,84.7,0,2,36004,3,10.1,1,Pass
82.4,77.3,75.96,77.18,84.85,88.99,1,3,68856,2,5.3,1,At-Risk
87.03,91.36,98.71,82.13,92.61,99.03,0,4,11315,2,4.8,0,Pass
94.83,83.92,87.6,85.72,85.66,93.34,1,1,45590,4,6.3,1,Pass
90.83,96.14,86.19,84.86,87.58,98.17,0,1,40466,2,5.8,0,Pass
79.9,81.85,65.43,79.9,71.27,81.62,1,4,14413,1,11.5,1,At-Risk
80.22,78.42,78.96,71.17,72.88,79.75,1,4,20621,4,5.5,0,At-Risk
71.39,59.74,46.77,65.97,71.94,71.83,1,1,11023,3,10.0,1,Fail
95.84,83.45,95.5,86.24,89.11,99.39,0,2,29954,2,12.9,0,Pass
75.69,77.64,74.69,79.02,71.58,81.54,1,3,59115,2,10.2,0,At-Risk
80.26,79.89,69.89,74.89,89.32,76.08,0,5,62596,3,9.8,1,At-Risk
85.91,86.67,94.98,88.63,87.17,85.31,0,2,60029,4,17.0,0,Pass
84.23,72.41,77.44,76.56,76.58,76.83,0,5,38623,2,16.9,1,At-Risk
97.34,93.47,90.16,81.31,96.29,97.18,0,3,73138,1,16.7,1,Pass
79.45,77.03,72.8,76.55,89.22,83.13,0,2,65863,1,13.2,1,At-Risk
91.55,93.47,89.11,82.84,99.88,91.68,0,1,20224,4,3.5,1,Pass
74.63,79.02,73.2,78.02,75.62,81.93,0,3,58926,2,3.0,0,At-Risk
88.5,89.1,99.8,92.06,85.32,83.87,1,4,23736,2,18.9,1,Pass
68.14,60.88,59.54,68.19,66.75,67.81,1,3,49657,3,5.4,1,Fail
78.46,82.18,70.8,79.6,77.47,72.99,1,1,19789,4,6.9,1,At-Risk
78.32,70.31,67.04,72.96,80.8,71.21,0,4,51035,2,7.1,1,At-Risk
98.26,85.77,96.49,89.71,91.76,85.66,1,3,49563,1,10.7,1,Pass
79.93,80.8,75.45,77.58,87.54,75.3,0,3,13048,3,13.2,1,At-Risk
61.76,58.76,50.53,53.45,67.7,73.79,0,4,60847,3,5.8,1,Fail
85.53,92.79,96.22,90.37,96.09,92.59,1,3,66798,1,9.8,0,Pass
80.34,83.5,72.78,72.98,77.07,72.66,0,1,42768,4,10.9,1,At-Risk
87.26,96.42,81.4,99.03,95.25,82.53,0,4,32212,3,12.7,0,Pass
86.56,84.37,83.78,94.23,90.96,94.27,0,2,20099,3,17.8,1,Pass
83.68,84.94,99.6,87.93,90.87,93.16,1,1,36098,4,3.4,0,Pass
81.18,82.97,77.68,74.0,87.6,74.85,1,3,40379,1,13.6,0,At-Risk
86.95,88.63,84.53,87.08,88.91,94.86,0,4,54594,4,17.5,1,Pass
71.87,78.4,71.54,65.05,84.91,74.09,1,4,25369,3,4.5,1,At-Risk
83.18,92.17,97.04,93.23,85.85,99.65,0,4,63601,4,6.6,1,Pass
83.67,72.66,78.57,75.88,89.21,79.71,1,5,70535,1,19.4,0,At-Risk
97.27,92.01,89.51,83.08,92.31,89.33,1,4,19952,1,5.2,0,Pass
75.0,74.76,71.05,77.08,74.3,82.33,1,5,74479,2,19.8,0,At-Risk
81.81,76.65,66.64,79.87,84.55,71.47,1,4,57245,2,12.6,1,At-Risk
83.66,72.11,74.16,78.06,72.08,87.44,0,2,16815,3,4.8,0,At-Risk
70.76,70.07,75.86,72.88,70.02,71.06,0,4,55737,3,17.1,1,At-Risk
80.82,71.81,77.61,67.78,79.43,82.77,0,5,73377,2,13.8,1,At-Risk
73.86,78.01,71.12,74.48,86.17,82.18,0,3,21427,2,10.2,0,At-Risk
86.06,94.98,82.82,88.13,92.77,85.06,0,4,47536,3,16.1,0,Pass
90.46,85.28,99.12,89.26,86.93,84.07,0,2,73162,2,8.5,1,Pass
99.69,85.62,92.48,93.23,86.31,88.49,1,3,16439,2,12.9,1,Pass
83.16,81.77,73.59,65.73,74.64,82.47,0,1,52555,3,19.7,1,At-Risk
94.75,93.21,94.15,80.65,85.82,89.13,1,3,63608,4,13.9,1,Pass
84.06,77.13,66.54,67.93,73.72,88.82,0,5,43809,1,6.8,0,At-Risk
83.75,93.76,96.72,80.07,94.06,89.53,1,1,42063,3,13.2,1,Pass
84.32,83.48,66.21,79.03,80.93,85.68,0,5,10875,4,7.9,1,At-Risk
65.53,59.47,62.58,43.41,64.46,58.92,0,4,37166,3,4.8,0,Fail
92.73,98.12,95.72,88.56,99.05,91.83,1,2,13157,1,10.9,1,Pass
99.29,83.79,82.16,80.96,93.53,95.06,0,1,34763,4,8.6,0,Pass
84.31,94.11,99.88,80.2,94.52,92.56,1,2,32315,1,4.2,0,Pass
81.22,75.15,67.72,76.86,88.68,76.02,1,5,53906,3,17.0,1,At-Risk
93.06,83.89,95.62,85.38,97.49,93.89,0,1,62014,4,12.3,1,Pass
91.76,86.71,82.91,89.47,98.28,82.06,0,2,11735,4,5.4,1,Pass
78.11,83.19,78.03,71.26,85.43,85.81,0,1,78286,4,19.2,1,At-Risk
96.81,96.05,90.3,90.5,95.46,91.19,1,5,24029,3,4.7,0,Pass
82.46,80.3,75.81,69.49,71.08,72.62,1,5,43139,3,13.0,1,At-Risk
78.87,84.32,70.35,71.29,77.48,73.6,1,4,19561,2,11.9,1,At-Risk
96.84,96.79,93.68,82.99,96.51,94.64,0,5,72404,3,7.8,0,Pass
74.37,81.52,70.87,69.91,89.03,82.69,1,1,38108,3,19.9,0,At-Risk
93.82,99.0,86.95,88.09,93.11,85.91,0,1,33672,1,14.5,0,Pass
96.56,89.41,91.23,93.13,87.98,98.97,1,5,65659,3,18.5,1,Pass
94.66,87.26,92.68,95.51,86.38,83.97,0,2,77119,2,9.6,0,Pass
97.68,95.0,92.35,90.02,98.72,95.07,0,2,79895,3,9.8,0,Pass
75.56,78.07,76.83,69.11,75.55,73.16,0,4,24588,1,5.4,0,At-Risk
76.11,70.24,70.87,72.64,73.96,77.43,1,5,69002,2,9.9,0,At-Risk
95.2,96.56,86.19,91.02,96.04,80.51,1,5,13564,3,16.8,0,Pass
85.98,96.19,88.21,96.56,92.35,84.66,0,5,18637,1,16.4,1,Pass
70.32,79.53,72.22,77.43,87.87,75.82,0,5,64925,2,9.0,0,At-Risk
94.15,95.88,90.37,96.98,99.02,83.1,1,3,72482,1,3.3,1,Pass
95.81,83.17,98.5,95.81,99.52,84.67,1,5,74103,1,18.7,0,Pass
95.07,97.66,87.65,85.44,90.7,98.9,1,3,28405,3,13.7,0,Pass
75.48,84.02,72.82,67.56,77.62,72.82,1,5,21661,3,13.5,1,At-Risk
95.06,87.45,92.67,93.29,99.54,81.3,1,1,54709,1,14.7,1,Pass
82.84,88.24,80.02,92.83,99.76,85.61,0,5,37025,4,16.8,0,Pass
85.56,88.48,87.68,80.88,99.62,96.95,1,5,63872,4,16.1,1,Pass
70.99,75.09,78.88,75.84,85.38,86.42,0,2,25274,1,3.5,0,At-Risk
87.61,86.77,95.57,95.16,97.88,80.57,1,1,25183,3,3.8,0,Pass
99.11,91.9,99.14,99.41,91.72,91.21,1,4,67863,1,10.4,1,Pass
80.45,78.9,69.65,66.91,73.58,72.79,1,5,61584,3,16.3,0,At-Risk
78.42,75.88,77.67,75.87,87.67,71.8,1,2,59126,3,13.6,1,At-Risk
85.39,97.34,94.6,80.83,93.06,80.84,1,5,27433,3,2.6,1,Pass
79.23,84.81,71.11,78.33,80.96,72.22,1,1,25306,3,16.5,1,At-Risk
86.81,83.38,84.49,91.99,98.31,82.54,1,4,24654,4,8.7,0,Pass
91.55,84.74,89.55,97.86,89.2,99.95,0,4,10598,4,4.7,1,Pass
86.69,89.21,89.85,86.28,94.75,84.71,1,2,23317,3,19.7,1,Pass
76.93,77.0,67.54,72.33,71.74,75.39,1,5,76114,1,12.3,0,At-Risk
98.31,98.94,87.96,94.74,99.46,91.35,1,5,39371,2,5.8,1,Pass
82.84,88.11,95.99,97.59,94.8,87.97,1,1,10695,2,11.4,0,Pass
87.46,97.9,91.86,98.88,86.56,81.8,0,5,32138,2,13.1,1,Pass
82.34,92.8,94.63,81.54,90.19,82.88,0,3,38109,1,18.4,1,Pass
96.27,94.48,89.71,93.62,88.02,87.13,1,3,48916,1,18.9,1,Pass
81.95,79.14,72.41,69.75,79.57,87.88,0,2,14116,2,12.6,1,At-Risk
77.73,71.59,75.54,70.37,86.02,79.13,0,1,13570,2,13.6,0,At-Risk
86.49,94.77,87.47,85.57,91.43,92.24,1,3,12872,1,19.0,1,Pass
84.28,81.65,73.44,67.14,78.76,75.77,0,1,30833,4,3.8,1,At-Risk
90.0,95.7,91.23,99.24,85.14,83.54,0,4,37909,2,19.5,1,Pass
80.27,81.58,68.42,68.32,89.47,84.58,0,2,44788,4,6.6,0,At-Risk
88.13,99.33,87.9,86.4,87.52,93.08,1,3,45275,2,16.7,1,Pass
99.11,86.4,98.16,93.01,86.5,82.05,1,2,68081,2,6.4,1,Pass
83.28,70.84,78.11,70.39,78.33,77.0,0,3,22275,1,11.6,0,At-Risk
92.92,94.28,98.89,95.35,98.3,89.53,1,4,21453,3,16.1,0,Pass
78.83,72.85,66.37,79.74,76.67,87.29,1,5,69834,3,5.8,1,At-Risk
87.28,98.51,80.11,83.59,90.57,97.79,1,2,32716,3,8.7,0,Pass
92.72,98.17,88.85,92.51,96.68,92.72,1,4,56831,2,11.6,1,Pass
78.24,81.63,72.84,65.76,83.57,87.01,1,5,25603,1,7.9,0,At-Risk
80.92,72.77,79.89,67.1,84.0,83.38,0,5,15631,3,5.3,0,At-Risk
94.09,84.82,93.54,92.01,98.05,87.99,0,2,19154,1,16.6,0,Pass
70.37,73.23,74.1,75.72,89.66,86.75,0,5,48092,4,9.9,0,At-Risk
91.5,88.78,89.64,83.79,93.23,91.9,1,1,22235,4,14.6,0,Pass
77.56,77.01,77.5,77.17,81.43,85.98,0,2,77564,2,12.4,0,At-Risk
85.98,93.28,86.76,90.73,97.85,92.45,1,3,26747,2,7.4,1,Pass
70.45,71.97,79.67,77.52,75.85,88.64,0,4,39356,3,11.1,0,At-Risk
88.89,95.56,83.13,91.0,95.75,89.54,1,2,29251,3,7.7,1,Pass
98.21,88.54,85.08,99.13,87.03,83.96,1,3,78787,1,4.8,1,Pass
65.91,62.24,60.86,51.15,47.97,65.99,0,2,21103,4,15.2,1,Fail
94.25,85.24,99.42,80.25,86.77,80.56,1,4,33064,4,7.4,0,Pass
97.46,84.63,86.5,96.3,88.59,95.83,1,4,21937,4,8.9,0,Pass
99.3,88.36,89.05,88.84,94.49,82.51,0,5,67006,1,16.0,1,Pass
93.61,88.51,95.27,80.32,94.7,95.72,1,1,49488,3,6.9,0,Pass
77.28,81.83,79.89,76.34,77.65,75.25,1,3,59456,1,11.0,1,At-Risk
76.9,75.21,74.84,66.47,83.85,85.89,0,2,11266,1,8.8,0,At-Risk
72.73,74.49,73.39,79.33,78.68,75.1,0,2,40810,1,13.9,0,At-Risk
94.7,93.07,97.91,99.88,95.18,98.48,0,3,32145,4,13.9,1,Pass
99.92,93.05,92.29,98.77,95.16,99.12,0,1,58238,4,4.8,0,Pass
82.35,85.18,96.59,98.06,96.51,97.74,0,2,35418,3,12.9,1,Pass
69.46,73.91,52.4,56.43,43.38,47.15,1,2,13828,3,8.0,0,Fail
89.22,83.85,96.36,87.27,88.73,88.11,0,1,56006,2,17.6,1,Pass
70.69,74.75,75.79,66.31,77.82,76.41,1,3,29517,2,14.1,0,At-Risk
75.31,81.89,78.05,73.44,86.96,85.19,1,3,59654,2,2.7,0,At-Risk
92.22,82.38,95.67,91.97,94.83,98.85,0,3,28761,2,19.6,0,Pass
82.71,89.48,90.83,94.68,92.05,86.04,0,3,21969,2,17.2,0,Pass
91.75,98.43,98.27,83.01,94.69,95.43,1,2,10704,3,2.5,0,Pass
82.38,98.39,89.43,90.97,91.5,95.75,1,4,31106,2,18.5,0,Pass
78.5,72.32,71.02,70.56,85.02,72.83,1,1,33949,3,3.1,0,At-Risk
94.16,96.14,90.09,99.92,86.33,85.86,1,2,60183,4,14.1,1,Pass
74.71,72.29,70.57,71.6,82.99,84.64,1,2,56006,1,11.7,0,At-Risk
94.4,85.48,85.98,93.93,98.9,97.64,0,1,17892,4,7.2,0,Pass
92.11,90.17,86.51,89.54,85.56,99.25,0,2,11302,4,6.4,0,Pass
97.42,87.26,86.78,81.42,92.39,90.44,1,4,17948,3,14.9,1,Pass
97.55,82.34,83.37,98.65,95.46,88.5,0,4,74943,3,12.2,0,Pass
96.89,86.88,89.89,99.25,92.69,83.81,1,1,28643,1,5.3,1,Pass
77.77,70.49,75.01,75.09,72.55,87.5,0,3,33415,4,17.2,0,At-Risk
98.57,90.05,87.69,82.88,92.57,90.11,1,5,16825,2,5.8,1,Pass
98.78,88.04,81.11,90.58,99.61,85.52,0,5,13168,2,13.8,0,Pass
98.13,87.21,82.55,92.28,92.54,95.67,1,5,66417,3,4.3,1,Pass
84.52,71.51,76.95,70.22,89.57,81.93,1,3,15326,2,7.8,0,At-Risk
56.28,57.17,44.58,42.12,74.58,66.72,1,4,71822,1,9.1,0,Fail
76.23,74.9,77.79,74.14,74.9,77.84,0,3,23919,1,16.6,1,At-Risk
97.21,88.18,87.27,89.48,88.42,83.48,1,1,74528,2,5.2,1,Pass
87.75,89.79,95.2,97.54,96.75,91.75,0,2,14407,1,18.3,0,Pass
89.05,98.77,87.66,82.06,86.47,96.45,1,3,23984,2,9.1,1,Pass
82.62,85.42,89.13,98.31,86.97,93.26,1,4,34887,4,7.3,1,Pass
97.38,88.5,91.84,94.71,99.67,94.93,1,4,54845,1,14.4,0,Pass
84.3,96.42,92.69,85.79,94.53,91.76,1,3,36563,1,14.7,0,Pass
82.34,80.47,65.33,76.02,76.9,72.65,1,2,28801,4,10.8,0,At-Risk
88.81,94.2,93.91,83.71,91.63,81.27,0,2,47092,4,13.2,0,Pass
92.78,92.5,90.14,93.52,85.12,91.69,0,4,58363,4,7.4,1,Pass
82.16,98.31,93.79,86.33,88.17,89.13,1,4,12377,1,9.4,1,Pass
70.59,80.05,70.5,77.69,76.24,70.12,1,5,10099,3,6.9,0,At-Risk
61.61,64.58,60.38,65.44,58.04,53.74,0,4,21400,4,5.5,0,Fail
73.02,70.15,74.71,75.55,84.1,88.81,0,3,17252,2,12.6,1,At-Risk
82.41,82.87,72.54,65.5,80.75,85.77,1,4,74499,2,2.0,0,At-Risk
94.66,98.19,82.53,95.39,87.28,86.05,0,5,70716,3,2.1,0,Pass
78.72,76.72,70.38,76.01,88.56,72.49,1,5,33785,4,3.8,1,At-Risk
90.46,90.04,81.28,84.12,99.3,92.6,0,4,66220,1,10.0,1,Pass
84.73,94.37,92.81,93.87,89.68,87.76,0,2,18334,1,13.4,0,Pass
84.8,83.19,80.82,98.32,95.41,84.88,0,3,68487,4,12.4,1,Pass
92.11,99.49,93.41,83.76,85.79,96.67,1,4,30517,3,10.9,1,Pass
78.17,76.94,71.64,77.99,74.54,83.87,0,3,62738,3,12.2,0,At-Risk
93.1,91.41,92.08,92.81,88.95,97.56,1,1,52959,4,2.3,1,Pass
50.34,56.11,45.89,54.13,49.43,46.97,0,2,10575,3,5.8,1,Fail
73.43,77.18,76.12,68.07,83.28,82.86,1,1,43784,4,15.1,0,At-Risk
89.41,88.22,89.1,81.46,91.38,88.58,0,4,39019,4,2.6,0,Pass
77.98,79.76,78.63,79.24,79.05,73.4,1,3,43460,4,2.8,1,At-Risk
89.34,82.35,97.17,98.66,87.99,88.14,1,3,77372,1,15.1,1,Pass
82.99,95.28,89.32,98.72,97.56,93.92,0,1,77199,3,12.6,0,Pass
76.02,71.19,76.11,72.99,74.54,86.78,1,2,22973,1,8.0,0,At-Risk
84.73,93.77,85.31,87.93,95.16,97.14,0,3,21514,2,16.8,1,Pass
80.97,70.04,71.88,74.65,74.28,79.83,0,1,45172,2,17.0,0,At-Risk
96.74,89.15,93.11,83.79,96.66,83.72,0,1,71529,4,14.4,0,Pass
78.6,77.32,70.36,74.56,83.85,76.94,1,4,78335,2,6.5,0,At-Risk
83.38,82.76,96.82,93.05,86.96,91.84,0,4,31343,2,5.1,0,Pass
82.31,96.19,82.25,80.55,95.67,87.71,1,4,65459,3,14.0,0,Pass
90.13,83.38,81.05,81.47,90.42,93.89,0,2,30466,4,2.4,0,Pass
84.88,82.91,94.57,80.64,99.57,81.55,0,3,25313,2,15.4,0,Pass
93.42,88.07,98.58,95.86,86.63,81.81,0,1,45085,3,19.5,0,Pass
78.69,77.29,74.76,79.46,81.6,87.77,0,3,51168,4,2.9,1,At-Risk
75.86,72.97,66.75,78.27,79.5,82.84,0,4,45283,2,13.5,1,At-Risk
79.7,82.29,79.87,66.51,75.23,70.15,1,2,57941,3,10.8,1,At-Risk
79.89,74.64,76.57,74.99,71.02,78.57,1,5,60002,1,9.1,0,At-Risk
70.35,79.5,65.04,72.59,80.1,80.06,0,2,49928,1,11.8,0,At-Risk
79.65,70.87,69.53,67.45,84.01,80.07,1,4,27239,1,5.7,0,At-Risk
96.11,85.58,80.19,95.59,92.02,87.12,1,3,31886,1,4.1,0,Pass
78.98,70.03,66.61,74.13,77.78,88.25,0,1,62080,3,6.3,1,At-Risk
98.41,92.22,94.49,91.24,87.14,92.19,0,1,15934,1,14.3,1,Pass
81.38,70.44,74.91,72.23,76.63,86.78,1,5,51193,1,7.0,1,At-Risk
91.02,97.48,81.62,84.76,87.05,82.03,0,4,34704,3,7.1,0,Pass
98.09,94.68,95.31,91.93,96.68,84.13,0,2,78254,1,10.3,1,Pass
75.87,78.24,75.93,78.4,73.1,71.99,0,4,16466,1,7.0,0,At-Risk
81.98,76.43,70.96,70.34,84.85,75.34,0,2,54583,2,12.3,0,At-Risk
70.85,71.59,78.45,67.98,87.79,81.75,1,5,44318,4,10.9,1,At-Risk
85.3,88.11,95.29,93.68,86.89,91.75,1,4,12444,3,5.0,1,Pass
83.62,97.16,81.76,94.18,95.71,93.42,0,4,34922,4,2.6,1,Pass
99.14,89.6,88.19,97.52,85.82,93.27,1,1,14459,1,17.4,1,Pass
82.56,99.18,80.21,85.72,98.34,82.91,1,3,11201,2,13.8,0,Pass
91.94,91.86,93.61,89.13,89.77,82.54,0,1,66896,4,16.2,1,Pass
92.57,91.89,95.77,81.52,87.98,83.42,1,1,68043,1,7.3,0,Pass
83.03,87.31,80.14,90.11,96.91,87.69,1,3,66572,3,6.3,0,Pass
86.72,90.49,82.38,96.44,91.51,86.92,1,2,41036,1,14.0,1,Pass
94.16,99.15,93.41,86.65,96.44,81.83,0,3,24719,3,7.8,1,Pass
82.35,76.47,65.17,78.99,74.33,83.07,1,3,16095,2,9.8,0,At-Risk
84.6,88.06,85.76,80.7,89.9,80.95,0,5,44077,1,19.9,1,Pass
91.0,94.69,81.79,90.38,91.74,87.66,1,5,67270,2,5.2,0,Pass
80.06,72.23,67.36,66.47,87.38,71.09,0,1,73959,1,18.5,0,At-Risk
86.77,94.42,86.41,89.95,94.98,86.62,1,1,22252,1,10.7,0,Pass
92.84,88.82,96.81,96.54,94.47,91.63,1,3,36484,4,8.4,0,Pass
68.68,52.46,63.58,65.98,55.73,70.11,0,2,77150,1,6.5,1,Fail
89.1,95.72,86.12,85.28,88.49,94.92,1,4,36938,4,2.7,0,Pass
83.65,99.78,89.93,83.46,94.26,86.99,0,3,37373,4,2.9,0,Pass
71.31,70.99,75.6,74.1,71.26,72.27,0,1,26250,1,5.4,1,At-Risk
93.49,98.52,80.82,95.51,90.74,90.93,0,2,57980,2,14.6,0,Pass
82.48,76.04,77.21,78.57,79.39,71.95,0,4,75989,3,11.0,1,At-Risk
77.19,78.02,74.76,66.02,80.87,70.03,1,5,36293,2,3.0,1,At-Risk
73.37,84.74,65.38,76.03,79.84,87.95,1,1,63393,2,17.1,0,At-Risk
59.02,56.15,45.45,60.06,54.96,71.95,1,2,25394,4,18.8,1,Fail
82.95,96.88,93.1,89.27,95.69,95.94,1,1,50211,4,10.6,1,Pass
86.34,95.31,85.76,96.57,95.32,94.31,1,5,11106,3,15.4,1,Pass
86.56,99.35,99.21,80.87,85.41,82.29,0,2,47315,3,10.0,1,Pass
87.41,87.08,86.18,89.97,92.97,83.18,0,4,42889,1,16.3,1,Pass
97.6,84.25,87.44,85.59,89.7,87.82,1,4,18522,3,12.2,1,Pass
64.19,58.19,60.17,64.4,62.66,52.38,1,5,67958,4,14.8,0,Fail
87.28,84.43,93.4,94.35,99.82,86.09,0,1,53240,4,18.2,1,Pass
94.23,93.69,96.92,89.68,92.16,86.21,1,3,46496,2,17.7,1,Pass
71.17,64.12,47.34,66.5,66.59,73.68,1,1,69128,4,8.6,1,Fail
80.27,83.81,78.34,77.85,78.93,72.9,0,1,70986,2,10.2,1,At-Risk
85.01,92.43,98.23,92.95,91.33,84.47,0,1,37304,1,5.3,0,Pass
82.82,72.61,78.61,65.41,89.58,86.23,1,3,25263,1,8.3,0,At-Risk
79.87,71.94,75.89,78.89,80.25,87.31,1,2,67748,4,11.2,0,At-Risk
99.68,95.35,97.24,91.54,98.11,84.39,0,4,52815,4,14.8,1,Pass
85.71,99.05,80.16,94.88,89.93,81.57,1,3,61753,2,12.1,0,Pass
95.8,98.68,83.79,83.58,91.9,94.88,0,2,31071,4,15.7,0,Pass
85.97,87.49,82.28,98.27,97.04,89.45,0,1,18193,2,10.4,0,Pass
81.27,75.11,79.54,76.76,79.88,84.6,0,5,59463,1,16.4,1,At-Risk
83.43,86.0,92.21,81.75,99.15,94.16,0,2,55320,2,12.3,0,Pass
95.19,87.11,86.78,99.93,94.68,93.77,1,1,26973,1,8.6,1,Pass
77.2,80.53,69.43,68.57,86.84,74.73,0,4,24412,4,9.8,0,At-Risk
84.92,95.34,96.64,96.58,94.31,82.55,1,1,64986,1,19.8,1,Pass
93.26,93.53,84.56,98.86,88.13,88.59,1,4,61888,1,5.8,1,Pass
84.2,90.0,93.48,84.05,90.49,98.6,0,3,61741,3,5.4,0,Pass
80.56,77.18,69.26,73.42,86.15,72.56,0,2,69832,2,16.7,1,At-Risk
79.81,83.32,71.57,67.1,76.29,89.93,0,2,63088,3,9.5,1,At-Risk
89.57,82.72,84.02,97.11,90.86,98.76,1,5,17906,4,12.3,1,Pass
99.29,93.78,88.23,93.47,85.83,92.91,1,5,21633,1,2.4,1,Pass
87.23,90.34,89.45,95.74,99.21,88.27,0,5,20513,2,14.1,1,Pass
74.64,82.95,68.14,70.59,75.53,83.46,1,1,51077,2,2.8,1,At-Risk
74.21,84.44,75.32,75.03,89.75,79.73,1,4,34128,4,9.3,0,At-Risk
90.22,86.61,97.67,90.44,91.29,88.95,0,5,46472,4,5.7,1,Pass
75.44,70.03,73.5,75.63,76.18,83.44,0,5,40419,2,2.1,0,At-Risk
58.65,57.39,43.31,61.2,71.4,46.85,0,4,29886,4,10.5,0,Fail
76.03,75.28,67.4,69.81,74.62,79.74,1,4,31048,2,3.8,1,At-Risk
94.21,89.7,99.69,97.71,99.24,91.41,0,5,44712,2,17.8,0,Pass
86.9,95.81,99.77,87.54,90.77,85.26,1,5,50411,3,19.2,1,Pass
77.27,82.55,75.02,73.54,78.24,70.32,0,1,52581,2,9.4,0,At-Risk
94.9,85.71,82.64,84.85,97.56,86.94,1,5,50055,1,18.1,1,Pass
84.68,80.75,69.31,71.5,81.31,79.59,0,2,54770,4,12.4,1,At-Risk
82.79,87.48,90.89,97.04,90.39,98.35,0,3,39362,3,8.0,0,Pass
88.59,90.67,92.25,99.51,95.29,88.95,1,5,52845,3,18.4,1,Pass
97.85,85.01,94.66,95.03,94.42,84.7,1,5,52057,2,13.4,0,Pass
96.19,89.93,97.78,96.77,89.21,99.03,1,5,42719,4,12.3,1,Pass
86.27,87.0,80.82,84.19,98.1,98.72,0,3,26813,3,14.4,0,Pass
83.02,97.43,84.06,94.58,92.13,89.05,1,4,41695,1,19.9,1,Pass
95.29,85.28,95.62,98.66,87.88,89.41,1,3,51499,3,7.0,0,Pass
88.08,97.45,95.51,95.21,95.97,84.71,1,3,48473,2,19.6,1,Pass
76.74,70.53,70.53,68.86,72.81,87.56,1,5,73357,1,9.5,0,At-Risk
99.72,85.54,94.9,90.13,94.47,82.49,1,2,72976,2,14.9,0,Pass
83.93,86.28,82.1,92.69,85.79,94.12,1,4,22588,3,19.3,1,Pass
83.28,84.98,81.99,81.15,90.67,86.35,0,1,18466,2,16.0,1,Pass
74.53,81.88,71.98,74.37,84.77,83.44,1,5,73321,2,13.1,1,At-Risk
89.07,86.88,93.32,96.15,90.53,86.09,0,2,20619,3,18.7,0,Pass
82.94,99.85,83.76,88.95,85.87,82.84,1,4,13864,3,10.5,1,Pass
77.66,79.58,70.51,72.8,84.79,75.75,1,5,61926,4,5.3,1,At-Risk
71.42,81.57,78.77,69.89,83.1,74.68,0,5,63349,4,19.7,0,At-Risk
83.27,88.37,95.9,93.49,91.05,89.24,0,5,14883,4,13.1,0,Pass
72.8,78.66,76.02,66.38,77.06,85.91,0,1,11340,1,4.8,0,At-Risk
79.0,77.53,75.4,68.5,79.75,78.8,1,2,58595,4,7.3,1,At-Risk
73.97,79.05,78.38,70.54,72.69,85.31,0,5,74352,2,19.8,1,At-Risk
99.04,92.42,91.36,93.17,91.37,84.24,0,3,40189,1,18.6,0,Pass
82.94,76.88,79.67,74.37,82.05,77.88,1,5,45930,1,2.1,1,At-Risk
97.12,85.45,99.07,94.94,91.17,98.3,1,2,61046,1,17.7,1,Pass
91.58,82.89,88.55,98.03,97.32,90.13,0,2,34580,1,13.5,0,Pass
96.7,85.31,85.76,85.76,97.77,96.23,1,4,37002,2,8.7,0,Pass
72.16,78.89,67.2,70.74,78.46,80.7,1,5,13523,4,9.4,1,At-Risk
65.01,61.63,51.01,54.63,54.67,63.92,0,1,11965,3,11.6,1,Fail
70.37,73.6,72.56,75.67,89.1,77.69,0,4,52908,2,10.7,1,At-Risk
83.17,77.99,74.65,72.79,75.68,80.17,0,2,66073,1,15.9,0,At-Risk
89.54,85.69,80.7,97.04,92.28,80.25,0,2,22477,2,10.4,1,Pass
82.36,97.3,93.31,97.27,98.53,87.6,1,1,35179,2,13.9,1,Pass
82.87,79.73,71.17,70.73,88.0,79.76,0,2,56089,3,14.6,1,At-Risk
86.51,97.74,86.21,96.0,97.75,98.74,0,1,57651,3,17.8,1,Pass
71.47,70.61,68.28,65.67,73.78,79.55,1,5,40715,3,18.0,1,At-Risk
75.79,71.42,71.73,70.34,88.13,87.66,1,5,10965,3,6.3,0,At-Risk
74.76,70.16,75.12,72.7,70.27,83.65,1,3,59607,2,4.3,0,At-Risk
75.59,79.15,75.9,74.16,79.89,77.35,0,3,13463,3,19.0,0,At-Risk
81.64,77.43,75.52,72.13,89.39,74.79,1,3,12942,4,19.3,0,At-Risk
77.03,77.18,68.46,74.37,86.15,76.7,1,1,70661,1,19.7,1,At-Risk
88.38,86.54,81.99,88.34,89.56,94.29,0,4,60759,1,10.7,0,Pass
72.98,80.14,68.18,77.63,89.9,85.76,1,5,42284,3,19.5,1,At-Risk
78.44,75.14,78.04,70.25,77.71,76.92,1,3,44188,4,19.1,1,At-Risk
82.74,70.37,72.24,73.95,79.11,79.3,0,5,76252,3,10.1,1,At-Risk
72.68,82.3,79.12,73.81,85.06,78.76,1,5,15769,2,2.9,1,At-Risk
84.58,72.98,75.07,65.15,80.01,89.7,0,1,52289,2,5.2,0,At-Risk
78.81,81.41,71.26,70.14,78.04,86.81,0,4,73503,3,19.4,0,At-Risk
85.52,94.56,90.98,90.34,97.86,83.93,1,1,54071,4,9.9,0,Pass
73.11,72.65,73.55,76.79,85.37,81.21,0,2,58907,4,4.9,0,At-Risk
96.21,94.29,94.55,93.38,94.06,87.42,1,3,79626,1,14.1,0,Pass
72.37,81.77,71.39,76.43,72.18,89.06,1,3,30830,3,9.5,1,At-Risk
89.52,85.18,86.41,99.38,88.89,84.64,1,1,60202,4,8.0,0,Pass
54.11,62.75,42.92,68.98,49.76,41.26,0,1,56873,3,7.7,1,Fail
84.8,75.97,79.33,75.06,87.66,78.1,0,3,54475,4,12.2,0,At-Risk
84.05,96.7,96.47,87.42,85.06,80.95,0,2,61781,3,3.5,1,Pass
100.0,97.03,98.24,92.28,91.17,90.45,0,2,45227,1,13.3,1,Pass
85.12,85.62,97.96,80.62,98.97,96.02,1,1,73300,4,8.9,0,Pass
91.33,95.58,86.3,92.27,93.29,87.78,1,4,41472,3,6.1,1,Pass
83.17,92.38,92.49,94.06,97.8,97.81,0,2,57611,1,9.5,0,Pass
83.69,94.88,82.66,96.11,93.5,98.73,1,2,67548,1,11.9,1,Pass
95.48,95.31,85.25,98.14,95.05,88.11,1,3,72522,3,3.0,0,Pass
88.76,84.18,80.93,87.22,96.64,92.97,1,2,70197,3,19.9,0,Pass
68.97,60.03,51.83,66.78,57.56,42.51,0,2,24483,4,2.6,0,Fail
83.56,71.06,73.93,77.22,70.06,77.66,1,1,74004,2,18.9,1,At-Risk
95.26,98.85,92.84,95.02,92.53,97.37,0,2,76558,3,12.3,0,Pass
88.13,85.41,80.19,94.41,92.2,88.81,1,5,43110,2,3.5,1,Pass
84.15,97.8,95.41,93.65,97.61,93.24,1,4,30981,1,13.8,0,Pass
85.94,85.1,98.3,86.37,92.78,89.9,1,1,56693,3,12.5,0,Pass
54.57,72.21,60.94,68.21,45.9,43.16,0,3,75387,4,18.4,1,Fail
78.03,80.85,78.47,70.99,87.58,71.97,1,5,24663,3,7.5,1,At-Risk
98.76,84.01,94.71,80.9,96.17,85.95,1,3,13592,3,13.4,1,Pass
91.66,87.39,96.96,89.88,89.25,96.02,1,1,20856,3,5.9,1,Pass
82.46,86.6,83.17,80.07,91.39,95.44,1,1,73864,3,6.0,0,Pass
83.29,76.32,78.15,67.1,87.8,89.36,1,2,20969,3,6.6,0,At-Risk
97.74,88.92,88.33,94.54,85.22,87.32,0,1,72361,4,4.2,0,Pass
70.76,70.44,73.69,75.26,74.06,74.24,1,4,13312,4,3.3,1,At-Risk
84.89,90.93,84.33,87.34,86.06,99.17,1,4,32331,4,19.5,0,Pass
74.69,67.29,48.89,48.43,63.18,64.01,1,5,31131,3,11.7,1,Fail
96.63,92.59,83.98,82.7,89.86,85.2,0,3,48761,3,2.2,1,Pass
53.9,73.92,58.51,56.56,61.14,74.3,0,2,28747,3,7.0,1,Fail
94.96,87.06,87.98,97.16,99.55,90.44,0,3,32157,2,6.2,1,Pass
85.28,88.06,85.92,81.55,93.8,88.02,1,2,12971,3,7.1,1,Pass
88.67,84.33,83.01,87.87,93.43,83.05,0,3,62373,2,19.0,0,Pass
94.03,98.25,95.73,98.07,88.47,98.57,1,4,66137,2,18.7,1,Pass
85.55,97.88,92.35,80.86,86.94,80.09,0,3,49505,1,16.7,1,Pass
82.83,71.77,78.37,73.4,81.8,71.94,0,1,67683,3,5.5,1,At-Risk
96.05,91.78,95.76,93.24,89.48,85.94,0,3,33017,3,6.8,1,Pass
80.35,75.21,73.08,68.6,78.42,71.73,0,1,67469,4,3.4,1,At-Risk
99.37,96.75,94.12,97.61,89.86,88.58,1,3,31437,2,2.0,1,Pass
90.41,98.71,94.92,84.08,87.23,94.33,0,1,49118,4,19.2,0,Pass
83.84,83.64,69.03,76.66,80.68,86.03,0,5,25729,4,2.2,1,At-Risk
87.86,91.17,87.57,91.25,96.66,83.31,0,1,66429,4,13.2,0,Pass
99.5,97.36,83.52,81.25,94.66,86.97,1,3,77032,2,17.1,0,Pass
93.45,91.84,98.89,87.71,85.1,83.07,1,3,41877,4,5.2,0,Pass
89.86,96.83,81.9,94.27,92.89,81.71,0,4,11808,3,7.3,0,Pass
72.93,84.95,73.5,73.96,70.95,87.02,1,3,13560,2,16.9,1,At-Risk
71.55,79.44,79.7,65.22,83.99,80.93,0,4,30625,3,19.0,0,At-Risk
86.11,98.38,82.46,82.69,95.04,99.09,0,2,39492,1,3.3,1,Pass
98.09,91.84,89.97,91.94,90.81,92.54,1,3,37255,1,14.4,0,Pass
88.82,94.79,91.26,94.84,85.36,94.22,1,3,14302,4,4.3,1,Pass
75.39,83.96,74.18,65.98,89.82,83.23,1,4,27140,2,16.5,0,At-Risk
72.35,72.76,76.75,78.14,83.81,71.4,1,3,27951,1,8.9,1,At-Risk
84.6,83.11,80.58,93.19,91.78,92.59,0,3,20334,3,11.5,1,Pass
58.14,72.33,54.27,46.97,68.1,42.45,1,1,17724,2,7.5,0,Fail
75.42,70.55,76.98,72.87,77.56,85.4,1,2,18046,2,3.8,1,At-Risk
83.51,90.82,94.44,88.6,88.1,95.87,0,5,44908,3,13.5,0,Pass
82.71,82.08,79.81,68.03,70.17,77.84,1,4,18535,1,2.3,1,At-Risk
73.05,77.07,68.31,67.05,72.26,84.31,1,1,22206,3,2.9,0,At-Risk
94.41,84.03,90.35,82.63,90.26,90.05,1,5,69257,1,12.9,0,Pass
94.88,92.18,87.8,84.14,99.18,99.32,0,2,22791,3,18.1,1,Pass
87.45,89.48,83.73,84.62,85.41,87.54,1,1,42355,2,7.9,0,Pass
94.1,99.22,89.9,92.81,87.07,94.02,1,5,25949,4,6.5,0,Pass
87.19,92.79,83.13,89.34,97.47,81.9,1,5,19219,4,10.0,0,Pass
96.82,88.95,93.16,85.37,86.27,97.75,1,1,16023,1,5.1,0,Pass
78.35,73.67,79.48,66.76,75.87,80.43,0,2,54528,1,7.7,0,At-Risk
85.23,87.42,85.87,87.36,90.99,90.65,1,5,32719,4,5.3,1,Pass
76.01,77.4,68.44,70.91,82.51,87.3,1,4,62213,4,11.7,0,At-Risk
92.05,88.93,92.21,93.01,99.67,95.66,1,3,13488,1,18.4,1,Pass
92.08,83.69,88.07,98.84,98.08,82.08,1,5,20084,3,18.6,0,Pass
85.36,94.2,98.6,86.63,92.93,85.81,1,5,15784,4,6.6,1,Pass
92.71,92.16,84.2,99.88,98.24,81.71,1,5,73564,3,14.1,0,Pass
86.31,83.1,82.75,99.44,98.57,84.67,1,5,72366,3,14.9,0,Pass
91.94,86.01,92.37,93.66,88.44,84.49,1,4,69566,2,16.7,1,Pass
80.21,76.63,73.96,65.51,83.15,70.15,0,5,66758,1,9.6,1,At-Risk
76.19,72.1,66.91,79.38,89.64,80.63,0,4,14013,3,20.0,1,At-Risk
70.53,82.41,66.33,69.98,80.52,81.03,1,3,12299,4,14.3,0,At-Risk
92.03,98.05,98.98,87.86,86.62,95.43,1,3,16421,2,13.0,0,Pass
91.16,92.43,86.58,88.57,93.25,91.82,1,4,61950,1,2.4,1,Pass
71.77,75.01,74.45,66.16,75.81,83.76,0,5,19212,3,8.2,1,At-Risk
96.79,83.73,93.45,86.25,89.56,84.37,0,3,68968,3,9.5,0,Pass
87.03,98.76,87.67,97.33,99.77,96.73,1,5,39348,2,4.2,1,Pass
94.92,99.96,81.04,91.93,95.76,98.11,0,2,43291,1,3.3,1,Pass
74.85,56.2,69.74,63.43,53.87,48.49,0,5,64004,4,10.8,0,Fail
96.49,89.98,95.98,87.38,86.14,90.32,0,5,41767,2,18.9,1,Pass
92.16,83.48,92.09,88.82,88.43,84.59,1,2,53574,3,10.9,0,Pass
51.07,60.45,63.47,41.43,53.78,45.3,0,2,64750,4,19.1,1,Fail
81.66,72.92,79.97,65.47,70.68,75.33,0,1,78484,1,16.3,0,At-Risk
77.79,71.0,66.02,69.93,76.19,81.4,0,5,11879,4,10.0,1,At-Risk
91.4,84.7,99.02,99.84,91.43,83.23,1,3,78702,3,9.8,0,Pass
82.57,70.04,73.85,72.02,83.17,85.44,0,1,52449,1,7.0,1,At-Risk
74.04,70.59,78.34,66.36,76.64,85.17,0,3,77713,3,17.0,1,At-Risk
84.77,84.27,91.01,80.12,94.5,90.71,1,1,12935,4,18.7,0,Pass
82.57,70.33,78.1,79.35,81.58,89.91,0,1,30709,1,14.1,0,At-Risk
90.45,94.99,93.6,93.49,87.44,83.16,1,2,65412,4,11.3,1,Pass
92.69,97.66,89.38,92.18,94.57,83.35,0,3,38396,3,7.1,1,Pass
94.6,95.67,82.46,88.46,86.46,94.18,0,2,26220,3,18.1,0,Pass
77.53,76.81,77.08,79.91,81.17,84.13,0,4,59459,4,10.5,1,At-Risk
88.38,84.14,96.26,83.75,95.35,81.97,0,3,18885,4,2.4,1,Pass
70.02,83.98,66.25,70.89,74.06,88.12,1,4,66363,2,13.7,0,At-Risk
96.39,94.67,87.74,91.34,97.45,89.03,0,5,61317,2,2.9,1,Pass
98.3,96.05,98.54,89.52,87.8,90.02,0,3,78440,4,9.0,0,Pass
83.34,83.6,65.31,69.39,87.55,87.9,0,3,18681,2,14.3,0,At-Risk
98.14,97.59,87.37,83.87,95.92,89.34,0,3,33865,1,8.5,0,Pass
83.21,89.19,87.84,85.92,96.76,81.8,1,2,57890,4,8.0,0,Pass
90.81,94.5,99.07,88.6,85.67,89.29,0,5,59189,1,4.6,0,Pass
96.22,98.66,92.6,89.25,92.35,80.82,0,3,12136,1,16.3,0,Pass
92.57,89.19,92.07,80.39,90.78,90.33,1,4,12918,3,6.4,1,Pass
74.48,82.0,75.44,73.43,81.24,79.78,1,3,79208,1,6.0,1,At-Risk
84.62,89.4,85.24,97.97,91.83,83.49,1,1,78970,4,11.2,0,Pass
78.33,79.98,78.49,78.03,70.61,89.16,0,1,53766,2,6.7,1,At-Risk
91.32,88.48,85.77,99.79,95.06,90.69,1,4,59708,2,15.2,0,Pass
88.1,99.23,80.55,91.31,94.35,85.35,1,2,29462,3,8.8,1,Pass
82.51,91.28,98.92,80.34,95.12,83.93,0,4,32435,2,3.1,1,Pass
98.15,83.56,88.81,86.18,98.51,97.68,0,5,54181,2,9.5,1,Pass
93.9,95.63,89.19,94.24,89.68,84.74,0,5,41198,1,16.5,0,Pass
83.49,93.71,92.23,91.26,86.35,91.73,1,2,49381,3,16.8,1,Pass
79.74,81.11,76.59,78.58,71.94,85.18,1,4,36394,3,5.8,0,At-Risk
53.82,64.06,53.0,64.79,60.53,65.6,1,5,26148,4,11.9,1,Fail
84.17,80.17,74.26,69.23,84.86,70.06,1,4,35585,1,4.8,0,At-Risk
84.46,93.57,88.03,80.95,98.7,98.59,0,1,74558,2,3.7,0,Pass
75.69,83.63,77.56,65.59,78.34,82.53,0,3,41121,3,8.6,0,At-Risk
79.89,73.62,72.74,70.31,70.18,82.07,0,5,64390,1,8.0,0,At-Risk
71.16,83.35,78.09,72.82,73.46,80.04,1,3,42925,1,19.2,0,At-Risk
87.35,91.81,93.2,93.05,94.6,99.37,0,1,79497,4,11.0,0,Pass
76.82,83.9,77.05,78.04,71.88,83.16,1,1,21828,1,3.9,0,At-Risk
87.95,98.65,89.16,91.6,96.29,90.32,1,3,36585,3,13.6,0,Pass
97.46,82.94,81.22,83.37,95.36,84.42,1,2,23181,4,3.2,1,Pass
84.92,86.39,93.14,98.48,85.2,86.85,1,4,74862,1,2.4,1,Pass
91.97,92.75,88.27,89.12,96.57,84.93,1,3,58282,4,17.6,0,Pass
91.26,89.91,94.28,93.27,97.65,97.49,0,4,70427,3,4.8,1,Pass
72.86,73.49,72.45,77.38,79.95,70.73,0,3,50210,3,17.3,1,At-Risk
80.37,71.17,75.47,78.79,82.73,89.69,0,2,73057,2,5.8,1,At-Risk
82.14,90.83,97.35,99.47,92.41,94.74,0,2,31183,4,12.4,1,Pass
90.96,83.71,86.72,95.21,90.51,82.21,1,1,45269,3,4.9,1,Pass
96.46,96.19,95.87,87.88,92.38,98.02,0,3,69197,4,7.3,1,Pass
82.78,90.46,81.32,90.9,87.73,85.27,1,5,58832,4,5.4,1,Pass
99.74,99.37,93.87,83.32,95.74,97.57,1,4,24031,3,6.5,1,Pass
94.63,82.1,92.58,86.58,93.36,83.18,1,5,39045,3,16.3,1,Pass
55.06,58.58,69.23,63.62,54.87,64.9,1,5,36758,4,3.0,1,Fail
87.08,97.0,98.11,99.82,99.34,87.7,0,5,66163,2,15.3,0,Pass
65.91,68.39,52.09,47.57,70.48,55.24,0,2,23633,1,14.8,0,Fail
97.0,97.89,92.19,81.94,99.03,81.11,1,1,18084,1,4.7,1,Pass
96.15,97.78,81.48,97.96,91.06,85.9,0,3,27887,2,9.1,0,Pass
60.58,52.13,65.12,61.15,51.84,70.16,0,3,42743,3,2.0,1,Fail
86.53,87.45,92.43,82.7,96.42,95.16,0,4,69176,2,5.7,0,Pass
70.4,71.28,66.53,79.24,88.5,73.95,1,5,24434,1,7.0,0,At-Risk
56.67,53.94,59.79,62.01,68.08,65.11,1,1,48443,3,13.3,1,Fail
65.08,72.98,63.98,48.98,73.62,49.62,0,1,65175,1,6.5,0,Fail
87.79,99.89,82.36,84.64,92.02,88.27,0,5,75330,2,18.8,1,Pass
82.18,84.34,87.92,91.74,89.79,97.75,0,4,36289,4,7.0,1,Pass
89.1,82.68,88.83,88.87,87.84,93.62,0,5,71383,4,18.6,0,Pass
83.28,75.59,68.47,73.83,87.93,87.18,1,5,50570,2,5.5,0,At-Risk
79.04,79.36,76.72,75.89,89.88,71.43,0,2,10872,4,16.1,0,At-Risk
93.1,94.85,98.51,89.57,97.4,98.26,0,5,47046,1,10.7,1,Pass
72.74,74.42,76.31,72.81,81.35,73.66,0,2,57631,2,7.3,0,At-Risk
90.6,98.42,88.74,96.07,98.11,89.48,0,4,60675,2,16.0,1,Pass
98.48,99.67,93.29,96.1,86.44,91.57,0,3,77155,4,8.5,0,Pass
71.41,84.12,69.38,71.22,79.74,76.84,0,4,76394,3,14.9,0,At-Risk
84.29,98.86,98.06,97.98,89.5,81.12,0,2,41092,2,16.6,1,Pass
98.81,90.92,83.62,85.75,94.52,95.22,0,1,24889,1,16.0,0,Pass
90.93,82.85,88.72,98.61,95.02,93.73,0,3,12541,1,17.1,0,Pass
92.05,96.48,84.85,93.14,88.78,97.75,1,2,12774,1,19.0,1,Pass
92.07,96.05,98.46,88.58,90.23,92.11,0,1,16824,4,5.9,1,Pass
97.32,94.4,83.63,88.22,95.92,80.43,1,4,47567,2,13.0,1,Pass
90.07,95.54,87.89,86.45,97.84,89.56,1,4,61991,1,9.9,1,Pass
79.74,84.04,75.66,71.87,72.89,74.22,0,4,43165,2,17.5,1,At-Risk
99.71,88.57,92.84,89.73,88.98,87.99,0,1,18707,3,15.9,1,Pass
89.49,92.77,89.22,82.66,93.93,97.11,0,3,51481,4,13.2,1,Pass
77.4,82.11,72.01,79.92,85.75,79.8,1,4,31220,3,16.7,1,At-Risk
98.02,86.4,86.99,90.17,92.09,93.34,1,2,30113,4,17.8,0,Pass
80.53,74.92,78.47,68.86,81.0,87.08,1,5,69790,3,16.6,1,At-Risk
86.53,89.61,87.62,95.79,96.08,95.17,0,3,79595,1,17.4,1,Pass
81.74,73.16,76.06,69.21,86.14,73.12,0,4,12413,1,18.1,1,At-Risk
87.85,89.93,84.31,89.99,87.78,98.85,0,4,52605,2,15.6,1,Pass
84.85,90.38,99.72,95.26,99.62,81.05,1,5,15451,1,5.3,0,Pass
76.87,72.85,66.58,70.89,80.86,89.63,1,1,23763,2,14.5,0,At-Risk
82.2,87.88,90.21,80.08,89.38,91.09,1,2,64038,4,9.3,1,Pass
68.56,69.83,52.56,69.0,51.96,75.85,0,3,31393,4,12.3,1,Fail
99.26,86.26,85.81,91.55,93.72,84.58,1,5,76887,3,19.1,0,Pass
71.85,73.9,69.36,67.2,70.54,77.58,1,3,41178,2,14.8,1,At-Risk
82.63,75.96,66.57,65.61,87.74,70.47,1,1,47268,1,13.0,1,At-Risk
97.92,84.74,94.97,90.44,93.25,84.63,1,4,67162,4,19.4,1,Pass
86.5,87.84,88.16,90.06,99.89,85.86,0,2,65550,3,7.7,1,Pass
90.6,87.41,82.09,92.75,96.5,83.0,0,1,65767,1,14.0,1,Pass
99.6,82.31,86.38,82.43,98.77,98.24,1,1,71322,2,12.0,1,Pass
85.09,98.23,93.7,82.09,89.96,82.76,1,3,17600,2,6.8,0,Pass
98.18,82.61,96.7,84.22,85.61,93.36,0,1,24568,4,17.0,0,Pass
80.45,71.89,68.88,69.22,82.31,74.38,1,3,11297,3,6.2,1,At-Risk
92.25,94.07,81.45,97.12,92.33,87.74,1,5,61067,2,12.9,0,Pass
85.05,90.99,98.29,89.34,88.39,95.64,0,1,63156,2,17.1,1,Pass
90.79,84.93,89.82,84.74,99.35,81.0,0,3,78714,1,18.0,1,Pass
72.4,72.89,79.72,71.86,72.25,72.94,1,5,17778,1,3.8,1,At-Risk
95.44,91.13,84.3,91.91,86.69,82.97,1,4,77524,2,16.0,1,Pass
95.16,87.9,93.1,98.63,95.65,81.67,1,4,66935,4,14.6,1,Pass
83.23,87.42,94.36,94.63,97.21,94.31,0,4,49360,3,15.5,0,Pass
77.81,80.88,65.89,68.94,85.1,72.5,1,2,76627,4,2.4,1,At-Risk
92.55,92.25,83.74,90.46,91.65,88.59,1,5,38912,3,9.5,1,Pass
93.63,95.47,93.46,98.65,99.18,87.31,0,5,78026,1,16.7,0,Pass
87.58,91.06,95.97,96.32,95.14,95.63,0,1,54429,3,19.5,1,Pass
90.72,91.85,84.01,89.77,86.22,91.13,0,1,19178,1,11.3,0,Pass
71.97,72.48,69.37,71.45,73.13,77.67,0,3,41259,3,19.6,0,At-Risk
76.57,72.33,78.2,73.66,88.16,88.42,0,1,50166,3,7.5,1,At-Risk
71.19,70.55,67.0,79.7,78.28,70.43,1,4,65366,4,11.3,0,At-Risk
99.07,96.2,91.4,82.94,93.05,99.88,1,3,66114,1,14.4,0,Pass
68.53,71.22,51.31,51.34,52.26,68.21,0,4,52118,4,12.8,1,Fail
78.16,81.87,68.57,77.44,85.97,77.83,0,1,45229,1,9.3,0,At-Risk
96.16,97.07,95.95,91.74,85.56,89.98,0,1,13013,4,4.3,0,Pass
71.7,77.9,72.08,65.36,82.86,72.47,1,4,78676,2,16.5,1,At-Risk
84.37,84.32,98.95,83.36,95.13,86.99,0,3,59397,1,12.5,1,Pass
91.94,87.9,98.95,87.74,98.42,90.42,1,3,60465,3,8.4,1,Pass
71.06,76.06,79.92,70.78,76.68,81.06,1,3,55284,3,10.0,0,At-Risk
82.35,97.4,93.96,91.5,95.18,97.61,0,4,71471,3,15.5,0,Pass
98.95,91.23,87.4,96.2,94.92,98.47,0,2,68653,4,10.9,0,Pass
91.44,96.45,98.07,91.8,97.23,89.54,0,1,78145,1,9.9,1,Pass
86.94,84.12,86.8,82.21,87.09,81.22,1,5,42254,2,14.2,1,Pass
83.42,71.88,76.32,76.44,79.48,71.26,1,5,78558,4,12.9,1,At-Risk
84.97,89.07,82.95,87.89,99.25,81.21,0,4,11001,1,2.1,1,Pass
90.25,89.15,95.61,97.24,93.35,89.64,1,5,23817,3,19.1,1,Pass
79.6,71.68,73.45,78.82,72.7,73.04,0,3,10245,3,10.2,0,At-Risk
75.9,81.87,73.49,70.66,82.27,78.19,0,3,42652,1,17.6,0,At-Risk
87.39,88.99,87.47,96.13,96.98,98.38,0,2,56035,4,18.9,0,Pass
97.05,89.66,95.04,98.77,91.58,94.14,1,5,34169,2,4.1,0,Pass
95.25,95.27,91.76,91.51,85.05,83.96,1,1,18956,1,16.3,0,Pass
84.75,71.51,70.25,67.57,86.44,84.73,0,1,10176,3,2.9,0,At-Risk
91.65,94.61,84.81,97.13,92.61,89.94,0,3,76639,2,7.3,0,Pass
72.26,79.32,71.83,70.46,86.64,72.91,0,2,26370,2,19.1,0,At-Risk
99.99,89.75,93.85,85.43,85.8,95.89,1,5,57446,2,14.6,0,Pass
58.59,60.73,50.07,43.93,61.1,55.88,1,2,49440,3,3.3,1,Fail
85.85,98.49,98.79,86.01,94.55,81.88,1,3,77003,3,9.1,1,Pass
76.3,70.39,77.46,67.97,84.69,83.11,1,5,46267,3,8.2,1,At-Risk
77.48,72.44,69.6,65.42,85.11,87.44,1,3,43952,1,7.5,0,At-Risk
84.74,82.75,71.17,76.05,82.06,88.64,0,3,14690,4,11.2,0,At-Risk
79.17,83.63,70.52,73.67,84.18,88.8,0,1,13908,4,12.0,1,At-Risk
98.4,83.48,89.37,96.0,99.96,96.3,1,3,28836,3,10.6,0,Pass
91.98,86.39,85.41,99.68,88.37,93.73,1,2,31098,2,8.2,1,Pass
90.05,88.6,98.52,83.71,88.99,82.41,0,1,42129,2,19.3,0,Pass
72.02,83.17,66.25,71.33,79.08,77.87,1,3,54007,3,18.8,1,At-Risk
75.11,74.43,68.03,70.06,84.34,83.21,1,1,29986,1,7.2,1,At-Risk
76.11,74.38,66.56,73.61,84.99,71.68,0,4,47624,3,17.5,1,At-Risk
94.27,84.75,93.44,90.82,99.59,87.96,1,4,68913,3,7.1,0,Pass
86.1,99.09,93.85,82.05,96.67,92.53,1,3,50442,4,11.3,1,Pass
82.69,76.84,75.54,74.23,71.37,72.16,0,4,46324,3,19.5,0,At-Risk
98.96,96.74,83.7,89.2,90.46,86.18,0,1,32681,3,3.8,1,Pass
96.52,96.6,81.89,81.12,87.43,91.57,1,3,15353,3,19.7,1,Pass
82.65,81.59,78.95,66.77,81.3,87.85,1,2,71708,1,3.2,1,At-Risk
79.69,84.59,72.82,78.38,74.04,87.27,1,1,24695,1,19.6,0,At-Risk
89.69,87.99,81.45,97.08,85.85,83.97,0,2,63329,3,11.9,1,Pass
91.06,92.27,91.32,81.18,99.46,90.97,1,3,67323,4,5.2,1,Pass
79.74,72.56,73.92,71.05,73.22,84.01,0,3,31200,4,11.5,1,At-Risk
84.16,77.15,66.1,71.16,78.09,76.74,1,1,78573,3,9.0,0,At-Risk
96.64,88.92,80.13,80.64,87.79,81.2,1,4,23693,2,13.3,1,Pass
98.96,87.31,84.95,94.56,90.32,97.23,1,5,17169,2,11.7,0,Pass
74.65,84.18,75.73,66.13,85.71,70.18,0,1,47900,1,19.0,0,At-Risk
78.76,70.79,77.97,78.31,75.09,76.82,1,1,17669,2,2.5,1,At-Risk
87.08,89.78,86.49,98.18,85.82,84.87,0,1,24223,2,8.7,0,Pass
83.05,93.35,82.89,89.52,85.4,82.77,1,5,55018,1,3.9,0,Pass
76.07,72.66,77.95,73.0,70.11,72.63,1,2,27316,2,19.8,0,At-Risk
88.73,95.49,88.72,86.61,91.01,93.28,1,3,40719,1,10.8,1,Pass
83.39,72.84,74.97,76.58,87.91,85.3,1,1,19052,1,11.1,0,At-Risk
95.56,98.81,88.9,84.68,91.82,93.98,1,4,46741,4,17.7,1,Pass
57.11,69.16,67.11,51.03,66.55,47.62,0,5,66944,3,15.4,1,Fail
97.63,85.44,84.53,89.97,93.4,85.49,0,1,64915,1,18.6,1,Pass
91.32,91.52,87.8,98.25,85.84,89.28,0,4,73704,1,5.1,0,Pass
78.8,78.28,70.02,75.98,81.54,79.27,1,5,14510,4,15.1,0,At-Risk
89.89,95.09,94.2,80.89,88.28,81.53,0,3,33431,3,10.3,0,Pass
61.43,61.96,52.0,69.59,61.03,74.23,0,3,56278,1,15.2,1,Fail
61.04,53.24,45.36,64.72,42.83,61.08,0,4,23161,1,18.1,0,Fail
75.7,79.47,77.93,77.19,70.31,83.56,1,4,47262,3,3.2,1,At-Risk
74.99,81.27,68.25,69.7,89.57,81.69,1,1,41954,4,15.0,1,At-Risk
86.14,96.08,85.96,99.76,91.33,97.46,0,4,20582,3,5.7,0,Pass
82.37,72.29,76.08,69.95,74.79,77.46,1,4,47903,4,18.1,1,At-Risk
78.35,82.7,78.54,65.17,74.21,73.39,1,3,21044,3,2.6,1,At-Risk
59.08,51.41,68.19,45.44,69.04,77.4,1,4,14975,2,10.1,1,Fail
84.71,90.42,83.93,85.34,93.41,92.99,1,3,74456,4,18.6,0,Pass
96.78,86.74,92.04,80.04,90.29,92.53,1,1,52563,3,19.8,0,Pass
81.58,80.08,79.01,67.26,89.25,76.8,0,1,19246,3,18.0,1,At-Risk
85.35,98.63,80.94,89.75,96.37,98.56,0,1,40772,2,15.0,1,Pass
84.58,73.08,77.74,73.15,82.61,77.35,1,1,50286,1,6.2,1,At-Risk
89.79,99.97,91.22,92.53,89.62,85.07,1,2,24062,4,12.4,0,Pass
84.49,88.86,90.38,83.26,94.99,94.77,0,2,58794,1,19.8,0,Pass
60.66,71.73,40.38,54.7,59.99,46.88,1,4,51822,2,16.9,0,Fail
90.55,91.81,94.14,90.14,97.88,86.83,0,1,50234,2,17.7,0,Pass
91.9,94.67,94.67,88.58,89.19,95.38,1,1,31779,1,14.5,0,Pass
86.31,86.67,80.96,97.33,85.37,97.06,1,5,53058,2,12.1,1,Pass
76.14,83.05,78.32,71.77,85.71,72.05,1,3,67982,1,5.1,0,At-Risk
83.58,93.43,91.4,99.98,86.93,94.13,1,1,18806,4,12.0,0,Pass
83.73,98.52,94.95,88.4,98.95,84.11,1,5,76350,1,11.7,0,Pass
97.2,93.37,88.99,83.82,92.69,80.58,0,5,13900,3,12.1,1,Pass
87.38,98.62,87.56,89.45,88.26,88.2,0,3,52766,4,17.5,0,Pass
80.59,73.25,69.42,67.46,74.09,79.12,1,2,57944,1,11.2,1,At-Risk
83.23,72.46,69.29,76.99,81.34,84.08,0,4,20481,1,14.0,0,At-Risk
91.13,94.54,86.34,91.31,90.75,94.74,1,5,42865,1,8.5,0,Pass
95.99,97.15,81.73,85.91,92.4,87.8,0,4,27434,2,14.8,1,Pass
88.05,93.61,92.04,96.56,91.95,82.43,1,2,75279,2,19.4,0,Pass
78.63,71.04,74.05,74.53,74.37,73.27,1,5,68961,3,5.6,1,At-Risk
94.79,83.42,85.04,90.48,98.52,89.3,0,4,63653,3,13.4,0,Pass
82.44,79.06,68.65,69.03,85.75,73.94,1,4,40213,3,18.8,0,At-Risk
84.11,80.1,68.01,70.48,83.68,89.46,1,3,43215,1,8.2,1,At-Risk
74.28,60.36,42.46,69.98,54.28,54.11,1,2,60745,3,7.2,0,Fail
83.22,80.13,70.71,70.69,73.57,74.23,1,2,40726,3,10.3,0,At-Risk
91.23,82.28,81.89,93.47,88.16,81.99,0,2,76835,3,15.7,1,Pass
89.95,87.82,91.25,90.52,87.69,97.08,0,4,48175,1,6.3,0,Pass
83.8,84.65,97.94,85.11,86.1,83.59,0,1,15777,4,14.5,0,Pass
88.1,96.37,80.71,91.58,96.59,84.98,0,5,33387,4,19.0,1,Pass
70.62,83.88,77.81,76.3,71.66,88.38,1,3,44121,1,6.6,1,At-Risk
95.81,93.27,82.49,81.96,99.79,84.03,0,5,18493,1,2.4,1,Pass
62.37,74.29,59.45,68.35,40.57,45.99,1,2,76270,4,3.4,0,Fail
85.35,86.07,95.35,98.07,98.12,92.99,1,1,72518,3,16.1,1,Pass
98.51,90.49,86.1,85.73,92.46,98.43,1,5,34849,1,10.2,0,Pass
73.68,74.83,76.59,76.08,89.24,72.75,0,4,41508,1,5.5,0,At-Risk
93.7,85.87,90.44,86.77,95.22,90.8,1,5,18180,3,8.4,1,Pass
91.76,84.66,97.4,86.82,97.32,93.32,0,2,58205,3,10.3,1,Pass
84.7,74.47,76.58,79.9,79.71,78.41,1,1,46498,1,12.7,0,At-Risk
89.44,88.74,83.29,98.33,93.83,92.69,1,2,44273,2,17.2,1,Pass
85.92,94.64,96.93,83.24,95.43,82.29,0,1,75487,3,7.8,1,Pass
96.04,97.14,92.71,83.21,93.35,91.14,1,4,44962,1,17.7,1,Pass
58.17,67.19,42.96,46.36,45.02,69.18,1,3,38209,4,9.8,1,Fail
85.82,99.33,98.44,86.89,97.48,80.39,1,2,57875,1,10.0,1,Pass
90.12,87.27,82.91,97.71,90.79,81.36,0,3,73932,2,11.9,0,Pass
83.28,77.53,68.54,66.63,75.98,73.54,1,2,44384,3,9.5,1,At-Risk
79.9,76.72,65.48,65.95,81.01,77.46,1,1,50636,4,14.9,0,At-Risk
77.71,79.42,74.55,75.39,83.58,89.44,0,5,13794,2,9.5,1,At-Risk
90.39,90.29,86.05,88.31,94.27,95.74,1,4,28722,1,10.5,1,Pass
72.34,73.93,77.86,72.71,75.73,85.92,1,1,60693,4,11.7,1,At-Risk
82.1,83.92,83.08,93.39,93.14,96.21,0,1,51269,3,12.5,1,Pass
82.34,97.17,84.16,80.73,95.45,89.07,0,1,33109,4,3.5,0,Pass
88.48,89.72,95.45,86.19,85.7,82.45,0,2,11509,3,13.5,0,Pass
80.36,71.29,66.65,65.81,80.37,88.96,1,1,59971,4,17.8,1,At-Risk
86.02,90.11,93.4,83.85,90.33,92.02,1,1,76256,4,15.6,0,Pass
51.96,59.68,68.55,51.04,63.27,55.33,1,1,21662,3,16.7,0,Fail
92.14,99.66,82.31,88.32,98.73,84.49,1,1,30586,1,18.5,1,Pass
73.06,76.46,74.32,71.65,88.73,70.95,1,5,46186,2,5.2,0,At-Risk
80.36,76.53,65.24,74.3,82.21,72.24,0,3,42552,1,9.2,0,At-Risk
94.25,83.08,99.83,90.11,88.83,90.86,0,4,69882,4,13.6,1,Pass
71.12,77.84,70.54,79.05,71.37,80.48,1,4,46908,3,16.7,0,At-Risk
79.61,71.05,76.34,78.86,89.27,79.68,1,4,42128,1,17.2,1,At-Risk
85.37,92.25,85.09,96.55,92.65,85.3,1,1,48852,2,6.4,1,Pass
99.14,87.95,90.59,85.2,88.88,83.72,0,5,46650,3,15.0,1,Pass
89.75,90.31,98.17,81.91,96.43,90.39,0,3,11809,1,5.5,1,Pass
83.3,95.68,82.7,84.02,99.48,84.76,1,3,28093,2,11.4,1,Pass
91.19,96.03,99.66,91.61,85.06,92.58,0,4,64123,4,3.4,0,Pass
91.51,82.93,88.44,95.51,92.39,92.99,0,1,72277,4,15.2,0,Pass
85.22,99.99,96.54,80.87,99.39,99.69,0,5,15559,4,11.2,0,Pass
82.26,87.86,86.47,82.54,85.45,90.98,0,1,13950,1,9.6,1,Pass
55.04,71.25,55.01,58.83,74.52,70.18,1,3,62118,2,12.2,0,Fail
93.59,99.19,95.48,92.73,95.66,85.29,0,1,12204,2,5.3,0,Pass
84.11,96.88,85.27,91.63,85.44,81.06,1,4,36883,4,6.1,0,Pass
98.91,86.37,92.52,85.84,92.0,87.96,0,5,10908,1,11.3,1,Pass
99.95,91.79,91.71,96.7,94.99,94.58,0,2,68251,4,2.8,1,Pass
75.62,71.92,68.34,70.31,73.72,86.81,0,1,43002,4,13.8,1,At-Risk
99.84,85.53,89.32,81.64,88.28,91.15,0,5,65409,4,14.9,1,Pass
57.17,59.32,61.49,49.74,51.51,75.25,0,3,49239,2,10.5,1,Fail
86.58,86.66,96.26,83.22,93.1,84.82,1,1,19471,2,16.6,0,Pass
88.2,82.22,84.16,84.13,94.39,91.46,1,1,62454,2,15.6,1,Pass
95.63,92.78,83.59,85.79,87.99,82.26,1,4,58983,1,3.1,1,Pass
95.77,94.78,82.25,92.38,93.49,86.81,0,3,30099,4,14.7,1,Pass
87.02,83.33,82.4,91.17,86.82,91.82,1,2,41035,1,14.8,0,Pass
77.17,70.3,74.49,78.77,71.34,79.65,0,1,57652,4,12.7,0,At-Risk
83.91,84.17,86.06,92.49,89.24,94.29,1,2,20539,4,12.0,1,Pass
72.43,70.28,72.83,79.12,78.95,82.01,0,2,20508,3,9.5,0,At-Risk
99.17,82.03,97.08,92.18,98.52,96.25,1,4,26823,4,8.7,1,Pass
95.76,92.43,85.01,97.28,88.88,91.58,0,5,78740,4,11.7,0,Pass
77.34,74.15,75.9,78.87,88.93,88.73,1,2,66616,2,17.4,1,At-Risk
98.73,97.34,92.34,82.3,93.28,82.53,0,3,14212,2,15.1,1,Pass
93.61,97.08,96.23,93.96,92.6,97.15,0,2,29813,3,13.1,0,Pass
82.64,88.05,95.33,94.35,88.26,81.93,0,4,72054,3,13.3,0,Pass
88.24,93.17,82.26,90.24,91.59,96.95,1,3,72378,4,11.9,0,Pass
91.52,93.47,87.93,87.86,85.92,93.86,0,4,19596,1,17.5,0,Pass
61.16,61.53,43.03,44.53,40.45,45.85,1,4,26353,4,6.8,0,Fail
89.39,82.06,99.77,81.89,92.99,83.58,1,4,37965,2,4.7,1,Pass
71.33,75.64,67.71,75.29,74.51,70.01,0,4,25266,3,13.3,0,At-Risk
66.19,62.98,46.87,68.83,53.72,43.58,1,2,68046,4,7.7,0,Fail
84.02,78.06,71.76,74.55,81.48,85.45,1,2,21646,2,17.5,1,At-Risk
81.54,76.84,79.84,75.99,88.57,71.4,0,2,21963,2,13.1,1,At-Risk
94.57,91.57,99.0,83.34,92.27,95.64,1,5,68116,4,10.4,1,Pass
93.33,85.86,80.27,98.28,89.54,93.09,1,2,62413,3,17.3,0,Pass
94.77,91.3,86.06,94.95,96.52,89.73,1,5,55758,4,19.2,1,Pass
98.09,98.97,96.95,82.4,89.51,88.96,0,1,79666,3,11.6,0,Pass
83.29,73.29,67.24,77.63,71.83,86.86,1,2,20695,4,15.7,0,At-Risk
86.91,82.76,86.75,98.48,93.84,82.68,1,4,52827,1,3.9,0,Pass
98.61,92.91,91.9,99.4,86.4,96.04,0,3,16966,3,13.8,0,Pass
80.48,73.62,74.37,71.96,81.31,76.67,1,3,30698,4,14.2,1,At-Risk
87.47,92.24,80.44,97.98,88.45,81.65,0,3,22188,3,4.2,0,Pass
73.61,77.37,76.45,68.63,77.03,87.39,0,2,55667,1,9.0,0,At-Risk
80.72,74.23,79.39,70.23,77.41,73.75,1,4,54026,1,4.6,0,At-Risk
82.94,99.62,92.04,88.09,89.5,98.52,0,1,17926,3,9.5,1,Pass
79.83,77.41,66.71,66.71,76.77,75.2,0,1,71423,3,18.9,0,At-Risk
80.4,70.24,75.12,78.81,79.73,77.6,0,5,59231,2,17.6,0,At-Risk
82.11,73.74,72.73,67.43,72.56,83.24,1,3,47371,2,9.1,1,At-Risk
98.41,94.71,93.68,98.82,96.57,90.42,1,4,52808,3,13.6,0,Pass
74.74,84.52,76.21,76.5,74.44,72.45,1,1,72423,3,6.3,1,At-Risk
86.9,90.43,84.5,83.19,98.49,93.82,1,5,33541,1,9.7,0,Pass
83.59,84.51,74.55,78.02,71.06,74.65,0,5,64015,1,14.1,1,At-Risk
78.39,70.5,77.71,76.62,82.45,79.96,0,4,32157,3,7.0,0,At-Risk
53.63,55.93,43.68,56.14,64.45,56.95,1,2,38580,1,15.6,1,Fail
73.27,83.6,70.32,77.84,79.02,71.3,0,1,27541,3,5.5,1,At-Risk
85.81,98.25,94.45,89.42,96.15,85.16,1,3,36030,1,7.5,0,Pass
89.13,83.74,92.62,97.37,90.84,82.76,0,2,23577,4,8.8,1,Pass
97.53,92.1,89.35,96.69,87.66,92.28,0,1,41699,1,2.9,0,Pass
93.51,94.13,97.82,81.47,86.36,99.97,0,2,18764,2,14.4,1,Pass
76.74,75.74,74.22,74.85,85.26,78.98,1,5,50342,1,10.5,1,At-Risk
70.21,75.54,73.79,72.45,84.71,75.1,0,3,52097,2,18.7,0,At-Risk
88.39,84.15,97.64,89.76,98.32,86.8,0,4,71937,3,14.4,0,Pass
99.59,82.77,85.14,98.8,98.86,89.62,0,4,65835,1,14.3,1,Pass
82.74,95.77,82.97,82.7,98.82,93.82,1,5,49622,3,13.1,0,Pass
70.18,83.11,65.22,76.21,88.62,77.33,1,4,25395,4,10.8,0,At-Risk
81.25,73.28,78.48,75.41,89.8,72.67,0,5,16779,3,18.0,1,At-Risk
85.96,87.44,88.53,90.35,97.0,81.33,1,4,23194,1,7.7,1,Pass
65.27,73.3,54.87,52.11,55.12,49.04,0,5,68238,1,19.4,1,Fail
94.45,86.82,88.66,82.21,94.65,98.8,0,3,59628,3,13.6,0,Pass
68.46,53.29,40.93,51.11,74.69,71.98,0,5,17217,3,15.7,1,Fail
84.93,77.23,71.02,70.75,89.25,78.84,1,3,45265,3,10.7,1,At-Risk
88.04,83.17,84.61,98.2,94.06,91.5,1,2,68156,3,6.4,0,Pass
99.91,84.28,82.65,91.86,99.08,85.9,1,5,18351,3,6.4,1,Pass
91.96,93.95,86.37,82.34,97.39,99.08,0,2,17720,3,7.1,1,Pass
70.26,79.89,67.89,77.86,74.01,78.92,1,3,13153,4,15.2,0,At-Risk
50.57,66.95,64.17,66.36,47.5,41.26,0,2,47925,3,14.3,0,Fail
85.05,85.54,88.3,95.77,93.14,89.36,1,4,13443,4,9.4,0,Pass
91.98,98.62,80.3,80.26,89.76,88.65,0,4,31192,4,9.8,1,Pass
96.07,85.83,86.98,82.33,93.1,88.43,0,3,11063,2,6.7,1,Pass
76.26,71.04,79.04,71.79,77.72,70.59,0,3,38633,3,10.3,0,At-Risk
93.0,88.36,91.52,92.01,85.51,84.51,0,1,39582,1,19.8,1,Pass
92.66,89.24,92.52,87.05,96.91,83.17,1,2,70136,2,14.5,0,Pass
89.69,93.03,88.41,80.47,99.38,90.09,0,5,67151,1,7.3,1,Pass
73.09,76.16,79.25,67.28,81.32,78.88,1,2,60170,2,17.0,1,At-Risk
85.81,89.98,83.95,84.65,90.19,94.38,1,2,32179,2,8.8,0,Pass
86.26,99.29,85.91,86.92,91.71,86.2,1,1,54638,2,13.5,1,Pass
84.67,94.31,94.76,87.32,91.37,93.26,0,3,65851,4,12.4,1,Pass
77.11,79.31,78.32,79.28,75.24,87.59,1,4,51470,3,15.2,0,At-Risk
93.73,86.86,88.61,82.94,86.32,84.82,1,5,71823,2,7.8,0,Pass
84.39,74.55,73.0,73.44,70.95,89.41,0,3,30012,4,4.0,1,At-Risk
73.01,74.19,65.97,76.87,78.36,79.82,0,1,53263,2,3.5,0,At-Risk
84.4,75.26,74.92,74.39,83.2,83.18,1,4,74944,1,19.7,0,At-Risk
77.99,72.09,71.25,71.49,74.59,83.29,0,2,10219,1,9.1,0,At-Risk
83.39,91.33,86.79,84.41,88.38,91.69,0,2,76301,3,11.7,0,Pass
93.3,93.29,85.43,99.64,96.51,88.17,1,5,36266,3,11.8,0,Pass
76.17,82.46,67.41,74.29,71.02,87.09,0,2,23337,4,12.1,1,At-Risk
86.79,90.77,83.2,84.82,86.35,97.79,1,3,34381,4,16.8,0,Pass
92.63,98.19,88.71,99.76,87.47,86.09,0,2,49447,1,17.8,0,Pass
83.49,98.89,88.66,86.87,94.04,86.14,0,2,76488,3,14.0,1,Pass
85.89,94.61,95.13,82.43,87.61,85.7,0,4,76585,3,18.8,1,Pass
86.04,92.11,89.61,87.19,93.47,82.89,0,1,35606,4,8.8,0,Pass
99.86,92.54,95.68,86.86,93.74,98.44,0,5,72397,4,3.4,0,Pass
99.75,83.21,94.17,85.05,86.34,82.52,1,1,77689,1,3.2,0,Pass
84.64,90.76,95.61,90.71,94.58,93.53,0,2,24364,3,7.9,1,Pass
73.91,73.87,74.96,65.64,74.61,70.76,1,2,25435,4,17.1,1,At-Risk
66.55,52.1,58.67,69.06,48.24,69.01,0,4,77928,2,8.0,0,Fail
89.16,86.94,89.99,85.21,92.17,98.43,0,2,51449,2,13.2,0,Pass
52.58,72.12,57.91,64.24,58.76,54.66,0,4,68074,1,4.0,0,Fail
73.42,74.37,70.45,65.9,71.52,82.22,1,3,45471,1,12.7,1,At-Risk
77.3,70.72,77.86,71.43,88.6,71.33,1,2,62403,1,9.6,0,At-Risk
94.56,98.79,97.56,98.19,88.71,94.66,1,5,63156,1,4.2,0,Pass
90.48,96.22,89.88,91.85,87.53,87.62,0,4,62007,4,16.6,1,Pass
62.55,54.67,58.04,55.39,40.91,44.43,1,1,63282,3,10.3,0,Fail
70.7,77.57,65.61,67.85,74.96,81.67,0,5,21089,4,18.6,0,At-Risk
84.66,72.13,66.71,75.16,81.29,87.18,0,4,55254,2,8.7,0,At-Risk
96.96,82.3,83.22,96.65,86.87,83.58,1,2,66144,2,12.1,0,Pass
92.13,89.2,85.18,81.51,94.11,85.19,1,2,63035,3,16.1,1,Pass
88.82,95.13,84.71,87.65,96.36,98.8,0,3,68882,3,19.8,0,Pass
69.55,64.96,47.4,67.47,68.11,72.05,0,2,75085,1,3.2,1,Fail
97.89,97.53,96.11,81.73,85.64,94.66,0,3,75416,4,2.1,1,Pass
99.63,86.4,87.68,89.39,86.22,99.08,0,5,17871,3,10.3,1,Pass
56.56,57.97,69.63,60.9,72.98,61.44,1,2,54263,4,4.9,1,Fail
52.51,57.58,51.65,41.34,73.42,74.4,1,1,71739,3,2.8,1,Fail
77.73,71.45,74.9,74.87,78.59,73.81,0,1,57003,4,15.0,0,At-Risk
67.3,72.91,53.59,59.31,54.75,79.49,1,2,67740,4,14.8,1,Fail
89.98,95.05,83.55,96.94,86.0,96.43,1,5,43533,4,7.0,1,Pass
94.73,91.85,94.73,82.73,86.54,97.9,1,5,55536,2,6.8,0,Pass
84.05,74.39,74.92,73.98,81.67,77.96,0,4,19770,1,13.7,1,At-Risk
51.84,74.31,47.31,54.7,60.27,44.69,1,2,77804,4,11.6,0,Fail
90.2,90.43,99.69,99.8,92.85,98.2,0,5,76929,4,7.7,0,Pass
91.47,88.25,91.22,89.37,95.81,98.26,1,2,54750,3,17.8,1,Pass
87.58,98.57,92.06,91.54,90.01,83.79,0,4,78941,3,11.7,1,Pass
78.93,82.92,65.96,70.91,75.01,79.68,1,3,14202,2,17.9,1,At-Risk
89.08,83.64,90.41,92.01,86.57,87.76,1,4,35092,3,15.4,1,Pass
88.44,88.46,81.17,87.12,96.58,96.51,1,5,34251,3,10.5,0,Pass
91.49,90.06,97.31,89.4,96.28,81.94,0,4,29395,2,18.5,1,Pass
56.96,72.76,62.26,45.43,60.21,56.26,0,2,14639,4,3.5,1,Fail
91.29,91.81,96.49,96.96,94.08,85.87,1,1,40257,3,16.5,0,Pass
89.39,82.32,88.88,86.04,86.8,90.95,0,5,42157,1,6.5,0,Pass
85.07,95.92,86.33,81.86,97.02,98.59,1,4,17166,1,19.8,0,Pass
51.73,56.72,67.16,48.63,49.28,59.14,0,4,63106,1,6.7,1,Fail
90.87,82.57,99.2,95.59,95.9,89.04,1,5,75691,4,17.9,0,Pass
93.94,96.92,96.32,91.52,99.27,83.57,1,2,72209,3,11.7,0,Pass
99.5,99.57,96.57,99.21,88.57,81.14,0,1,18361,4,2.8,0,Pass
82.64,77.87,76.52,66.08,85.02,76.0,0,4,46872,4,12.8,1,At-Risk
70.53,82.95,77.35,67.49,73.57,88.94,0,2,57258,4,18.3,0,At-Risk
89.53,83.14,80.59,93.03,95.81,88.54,0,5,26605,2,17.1,0,Pass
91.44,96.75,99.97,96.16,96.81,85.71,0,4,11117,3,5.7,0,Pass
83.0,96.72,97.85,92.71,98.32,96.25,1,2,10870,3,14.4,1,Pass
84.26,97.04,93.48,90.4,94.69,81.14,1,3,42033,4,5.3,0,Pass
84.49,83.31,79.9,79.45,86.59,75.64,1,4,63358,3,5.7,1,At-Risk
71.69,70.51,68.45,67.97,88.36,72.96,0,2,63716,1,6.0,1,At-Risk
77.76,84.47,79.11,67.16,87.04,77.81,1,5,78840,2,2.5,0,At-Risk
72.28,72.28,73.97,79.85,87.15,80.23,0,5,70002,1,8.7,1,At-Risk
96.68,91.26,94.13,99.91,92.43,90.05,0,3,48116,4,3.0,0,Pass
90.81,99.76,94.98,91.04,95.11,99.71,0,5,45585,2,6.5,0,Pass
89.68,96.6,91.37,86.91,96.83,99.25,1,4,79175,1,9.1,1,Pass
88.97,96.29,88.07,97.74,94.2,80.57,0,1,49461,1,2.3,1,Pass
96.34,93.64,93.43,95.14,92.92,84.45,1,4,21340,3,4.8,0,Pass
81.88,73.73,71.67,75.81,89.35,88.8,1,2,40524,4,18.6,1,At-Risk
99.93,90.82,81.41,85.44,86.57,81.33,0,1,73711,1,8.1,0,Pass
87.22,97.54,83.04,99.57,92.41,84.04,0,2,39122,3,19.3,0,Pass
82.33,90.46,97.86,84.02,87.03,98.32,1,1,49180,2,9.1,0,Pass
94.25,89.41,98.17,80.96,85.57,98.09,1,5,61351,3,19.8,0,Pass
93.96,86.27,88.93,88.11,89.92,86.24,1,5,25856,4,16.4,0,Pass
97.61,88.14,92.75,97.9,96.1,84.87,0,3,30460,4,3.9,1,Pass
85.25,96.64,90.66,99.44,95.87,88.0,0,1,44321,1,7.2,0,Pass
99.91,87.92,94.2,81.93,90.0,83.87,0,4,14267,3,19.9,0,Pass
76.76,73.92,73.6,76.42,83.68,84.96,0,5,22113,2,10.5,1,At-Risk
90.22,89.86,90.97,95.72,98.39,91.94,0,2,56326,2,13.4,0,Pass
90.62,96.72,80.53,87.45,92.62,90.36,0,3,67862,2,9.7,1,Pass
80.48,77.3,69.89,75.12,85.93,80.97,0,5,40401,4,19.6,0,At-Risk
86.66,97.37,98.71,92.89,87.21,95.7,1,1,58051,2,4.8,0,Pass
93.3,98.43,83.73,98.54,97.62,89.37,1,1,66262,1,14.6,0,Pass
79.69,71.44,70.81,72.45,72.36,80.84,0,5,36713,2,12.9,1,At-Risk
83.3,82.21,77.33,71.47,80.98,72.6,0,5,43622,3,12.0,0,At-Risk
86.98,92.91,85.14,93.48,91.61,86.24,0,5,78338,2,3.8,0,Pass
82.54,82.54,78.23,70.18,71.99,79.91,1,3,68483,3,10.9,0,At-Risk
79.46,77.46,77.69,78.14,79.88,76.66,1,4,64933,1,9.6,0,At-Risk
94.13,88.73,97.46,97.35,93.04,87.82,0,3,19632,2,2.3,0,Pass
92.3,89.95,91.03,84.08,88.83,91.82,0,5,40737,4,10.5,1,Pass
71.58,80.84,69.36,74.81,82.63,78.07,1,3,74460,1,6.4,0,At-Risk
72.81,78.1,79.22,71.06,89.43,72.94,1,4,44798,1,4.1,0,At-Risk
90.96,88.99,87.65,86.87,95.74,91.28,1,1,31678,2,2.4,1,Pass
84.02,70.95,79.34,72.24,73.61,77.94,1,3,74945,2,6.4,1,At-Risk
95.63,90.84,91.25,93.57,96.36,83.54,0,3,27332,1,12.4,1,Pass
94.91,95.24,99.59,85.77,97.42,90.26,1,3,28233,3,12.9,1,Pass
84.0,94.73,80.72,84.04,95.37,96.56,1,1,79579,2,13.2,1,Pass
91.2,92.8,90.28,89.81,93.65,89.88,1,5,13445,3,10.2,0,Pass
72.53,80.75,68.09,75.2,85.06,86.6,1,4,74029,3,16.9,1,At-Risk
96.4,94.91,99.82,92.36,89.32,86.37,0,5,68969,3,16.3,0,Pass
94.04,96.34,99.41,97.86,92.79,92.82,0,1,43429,4,8.0,1,Pass
94.31,91.82,83.62,83.74,97.8,85.22,1,4,62663,2,6.1,0,Pass
98.33,88.19,97.53,92.28,97.48,82.09,1,2,67874,4,7.1,0,Pass
89.69,83.38,83.68,87.07,96.75,94.37,0,2,59512,1,5.4,0,Pass
84.34,82.94,95.88,89.57,92.57,82.26,0,4,43616,3,17.5,1,Pass
78.96,84.83,68.61,65.13,82.85,73.03,1,4,49055,4,2.5,0,At-Risk
96.8,85.3,87.37,86.06,95.85,82.16,0,1,69778,3,10.0,1,Pass
73.87,84.31,66.7,73.98,71.0,87.45,1,3,34965,2,7.7,1,At-Risk
86.4,85.1,90.05,98.17,89.28,85.37,1,5,22152,4,11.6,0,Pass
75.38,83.83,66.7,67.52,86.87,76.96,1,5,16831,3,15.4,1,At-Risk
89.77,96.91,88.28,84.35,85.27,86.27,1,2,71461,1,9.9,1,Pass
88.29,97.74,96.4,99.61,93.1,93.22,0,2,66559,4,3.7,0,Pass
94.93,89.0,94.06,95.71,99.26,83.41,1,4,46075,3,9.4,1,Pass
62.73,62.23,63.15,67.66,54.73,59.46,1,3,23198,2,10.1,1,Fail
85.7,88.26,82.07,90.51,90.05,93.56,1,3,36496,3,2.5,0,Pass
95.42,94.69,93.9,87.25,94.42,96.48,0,4,61097,2,6.9,1,Pass
94.41,89.73,97.08,96.09,91.37,92.12,0,1,58182,3,4.7,0,Pass
83.77,82.49,74.18,74.51,71.82,80.45,0,5,32942,3,15.0,1,At-Risk
86.01,95.67,91.01,83.1,100.0,89.3,1,4,40775,3,7.8,0,Pass
76.34,81.2,69.85,70.62,74.91,78.18,1,5,23685,3,15.1,1,At-Risk
83.63,75.68,75.31,69.38,85.46,70.71,1,2,66779,4,10.9,0,At-Risk
94.76,83.01,98.8,90.27,99.35,83.04,0,5,65406,1,3.1,0,Pass
84.07,86.91,95.29,80.85,95.32,81.72,0,2,78025,4,17.9,0,Pass
93.81,96.14,98.08,82.22,97.79,89.44,1,2,28057,1,3.1,0,Pass
53.13,60.37,63.4,44.93,51.87,67.69,1,2,50162,2,19.6,0,Fail
72.25,73.57,73.53,66.92,83.67,74.41,1,4,75306,2,15.7,1,At-Risk
97.21,83.85,91.83,86.87,97.88,84.77,1,1,74414,4,17.3,1,Pass
85.43,88.64,92.33,85.91,87.97,97.39,1,2,70395,4,12.0,0,Pass
97.42,87.62,98.32,81.15,91.68,98.85,1,4,18304,1,5.8,0,Pass
82.01,88.3,95.97,84.22,94.42,96.77,1,4,48654,4,18.7,1,Pass
71.87,73.87,45.55,48.6,53.16,50.98,0,4,76785,1,4.0,1,Fail
86.88,94.42,88.4,85.82,94.54,91.56,1,5,54851,3,17.2,1,Pass
87.44,85.55,85.84,80.74,91.73,86.95,0,2,11927,3,16.2,1,Pass
89.26,91.36,98.92,88.03,95.72,99.18,1,3,62015,3,17.3,1,Pass
92.17,83.65,82.26,83.11,93.32,81.07,0,4,52908,2,17.3,0,Pass
78.27,74.66,65.4,77.52,81.69,88.64,1,2,58467,4,12.8,0,At-Risk
85.84,96.0,93.82,85.93,96.68,94.24,0,5,44026,3,19.3,0,Pass
82.96,92.47,98.18,80.34,90.52,81.2,1,2,51858,1,9.8,1,Pass
82.9,86.45,98.66,90.6,98.37,81.39,0,1,50134,1,19.1,1,Pass
98.03,89.54,97.99,85.17,86.74,99.97,1,4,57612,4,2.8,0,Pass
66.23,66.12,59.49,62.09,53.22,59.17,1,5,69100,4,12.5,1,Fail
86.75,92.64,94.46,99.41,87.54,81.98,1,1,57497,1,13.5,1,Pass
83.05,83.95,82.66,86.18,87.09,87.97,0,2,38242,4,6.7,1,Pass
71.45,78.52,71.57,79.62,84.44,80.1,1,1,19449,3,14.5,0,At-Risk
75.76,79.55,71.37,72.91,72.03,82.23,1,2,76474,2,8.2,0,At-Risk
99.88,90.08,97.24,85.57,91.59,84.26,0,3,74740,2,9.5,0,Pass
87.88,83.34,91.98,88.75,92.75,89.36,1,1,31809,1,9.0,1,Pass
93.47,83.61,96.54,91.09,93.2,95.22,0,4,48487,1,8.6,0,Pass
93.27,91.45,84.87,98.42,93.53,95.26,1,2,43916,2,20.0,0,Pass
89.74,94.39,92.29,88.16,99.43,90.6,1,5,75957,4,11.6,0,Pass
93.31,95.11,82.98,83.54,89.63,82.49,0,1,45575,1,8.1,1,Pass
96.95,95.2,90.97,85.23,91.36,97.59,1,3,27532,2,6.6,1,Pass
67.5,56.47,68.68,51.04,73.94,72.65,1,3,16069,2,12.3,0,Fail
97.44,85.99,89.73,97.81,85.25,81.97,0,3,55795,4,3.4,1,Pass
82.39,72.35,66.41,67.05,83.99,89.46,0,1,28347,2,7.3,1,At-Risk
89.93,95.75,81.64,85.7,97.42,86.13,1,1,13894,3,15.1,0,Pass
90.85,93.19,94.29,91.93,88.03,85.81,1,1,77008,2,15.6,0,Pass
93.18,89.83,85.56,98.53,90.8,94.22,0,2,40442,4,3.2,0,Pass
91.79,88.17,84.25,83.91,85.06,99.21,0,3,75964,4,5.3,1,Pass
97.49,92.23,80.97,89.78,92.16,96.26,0,3,67279,1,11.1,1,Pass
89.31,97.33,92.44,95.96,95.44,94.96,1,4,74332,2,13.9,1,Pass
84.26,81.61,67.09,75.13,72.43,89.38,0,4,53678,3,11.8,1,At-Risk
82.09,98.11,97.89,84.37,93.65,97.47,1,3,27207,2,18.9,0,Pass
95.16,97.66,89.8,94.63,97.85,88.3,0,1,50738,4,14.0,0,Pass
98.02,84.49,91.4,80.65,98.63,91.71,1,2,68096,1,17.7,0,Pass
82.85,77.85,71.81,77.32,71.73,89.71,0,5,41101,3,7.7,0,At-Risk
83.93,74.47,74.89,71.09,86.33,79.77,1,3,30467,2,16.2,0,At-Risk
83.05,79.22,71.03,74.87,79.48,84.65,1,4,44509,4,5.1,1,At-Risk
81.12,76.15,78.09,77.32,82.38,84.82,0,5,65880,4,5.6,0,At-Risk
86.31,89.76,83.72,99.15,91.88,90.77,1,3,59574,3,12.5,0,Pass
70.86,71.81,77.17,66.22,80.8,86.14,1,3,38191,1,9.5,0,At-Risk
95.26,84.26,84.68,94.29,88.38,85.25,1,2,37944,3,6.5,1,Pass
95.74,97.22,83.2,92.18,89.12,82.44,1,3,63115,2,7.1,1,Pass
71.95,73.33,73.09,67.04,88.33,82.74,0,5,77970,1,3.1,0,At-Risk
97.82,91.33,96.27,89.25,88.48,94.11,0,2,59804,2,15.8,1,Pass
83.98,75.34,74.15,72.95,86.44,83.55,0,1,13787,2,10.2,1,At-Risk
78.02,76.34,79.3,77.03,87.66,77.55,1,4,21683,4,4.8,0,At-Risk
99.57,90.68,80.01,94.84,95.27,93.72,1,4,10782,1,18.8,0,Pass
74.15,71.81,71.66,69.06,79.38,77.39,0,1,71942,1,3.8,1,At-Risk
81.66,81.23,71.81,69.02,85.55,82.12,0,4,75445,4,19.4,0,At-Risk
89.94,85.44,80.77,91.49,89.29,90.58,0,2,78886,3,9.1,1,Pass
62.29,59.61,57.53,50.85,53.05,62.37,1,2,42734,4,11.6,0,Fail
73.56,67.38,57.78,46.63,61.73,51.4,0,2,20005,4,14.3,1,Fail
80.96,73.21,72.04,66.39,86.74,70.84,1,4,30878,3,17.2,0,At-Risk
72.34,73.64,65.64,67.34,88.17,85.32,0,3,39075,4,12.2,0,At-Risk
65.39,50.73,68.3,44.8,57.88,51.71,0,1,75532,4,8.8,0,Fail
86.39,90.82,93.69,86.09,92.99,92.52,0,1,11516,2,7.3,0,Pass
77.75,78.18,69.16,73.38,78.14,79.16,1,2,65073,4,7.2,1,At-Risk
73.03,67.78,44.94,60.78,65.23,63.45,1,1,13444,4,4.5,1,Fail
93.09,96.12,90.83,93.01,96.87,99.24,1,4,18083,3,5.2,1,Pass
72.62,75.64,68.93,72.3,73.28,83.1,1,3,78633,2,4.4,0,At-Risk
83.89,94.57,82.05,90.77,91.12,88.84,0,4,16795,3,6.3,1,Pass
94.64,86.11,93.78,96.82,99.85,95.64,0,5,70884,2,3.5,0,Pass
71.2,75.2,71.86,76.21,82.65,70.34,0,1,54970,3,11.1,1,At-Risk
99.17,92.66,93.2,80.57,98.71,84.8,1,3,10698,2,10.8,1,Pass
90.62,85.0,88.45,99.91,93.63,95.28,1,2,51883,1,14.9,1,Pass
80.06,73.58,69.25,72.67,86.12,79.2,1,1,50932,2,15.8,1,At-Risk
88.07,90.89,94.21,88.58,98.02,80.15,0,2,30956,1,6.1,1,Pass
98.78,99.46,93.13,82.1,97.81,99.63,1,3,76095,2,19.7,0,Pass
88.7,92.17,83.81,83.21,94.84,83.51,1,3,66823,1,10.1,0,Pass
97.77,85.59,88.32,96.09,88.08,91.76,1,2,48627,2,12.2,1,Pass
71.95,71.77,68.54,73.89,89.14,82.39,1,1,75438,4,5.7,1,At-Risk
82.78,99.54,90.7,92.37,95.02,91.07,0,4,14573,4,7.1,1,Pass
70.08,75.0,67.52,75.21,74.21,89.37,1,2,16286,4,6.7,1,At-Risk
70.71,79.45,66.35,73.19,71.77,85.42,1,4,65432,2,10.6,0,At-Risk
84.93,71.68,66.15,71.09,87.41,89.44,0,1,42251,3,5.7,1,At-Risk
99.91,90.89,95.56,82.38,91.98,94.12,0,1,31199,4,16.6,0,Pass
91.52,83.34,88.1,92.85,91.88,97.28,0,2,79838,1,13.7,1,Pass
98.26,96.1,98.61,99.67,85.61,95.52,0,2,64830,1,18.5,1,Pass
95.94,82.56,98.15,81.59,89.59,80.72,0,4,36899,2,9.5,1,Pass
84.66,87.6,97.52,90.86,94.09,96.98,1,4,27982,1,2.3,1,Pass
84.53,93.65,87.87,85.38,87.98,97.42,0,2,60387,4,17.4,1,Pass
80.71,82.07,78.17,69.93,80.18,71.04,1,1,51272,4,5.5,1,At-Risk
72.18,77.54,78.95,71.55,83.96,84.4,1,1,43488,1,3.8,0,At-Risk
82.19,78.14,69.28,72.3,75.36,85.78,0,4,63762,4,13.9,0,At-Risk
97.61,93.0,98.13,85.99,90.23,87.89,0,3,70629,1,3.3,0,Pass
90.69,88.67,85.45,87.69,86.62,98.53,1,3,45473,3,5.5,0,Pass
72.59,80.45,66.48,77.22,76.01,75.31,1,3,48743,3,16.6,0,At-Risk
73.49,83.69,75.25,75.39,87.51,85.73,1,3,42388,1,19.1,0,At-Risk
99.13,87.58,81.93,90.13,89.77,81.7,0,2,60362,4,17.8,1,Pass
78.75,72.69,72.69,66.24,74.56,74.32,1,5,68439,2,16.7,0,At-Risk
76.19,75.77,74.4,72.56,86.12,80.11,0,1,23323,1,16.3,1,At-Risk
96.45,98.11,97.35,84.37,90.59,90.78,0,3,55201,1,5.1,1,Pass
87.88,96.3,90.65,93.11,96.28,87.79,0,1,37281,1,16.7,0,Pass
91.04,93.52,96.14,96.79,92.07,82.9,0,1,72688,3,17.3,0,Pass
92.34,88.72,95.32,93.41,93.68,90.01,1,5,68600,2,16.1,0,Pass
90.8,82.27,81.53,80.24,90.73,92.01,0,2,71232,3,6.8,1,Pass
95.02,95.72,87.02,87.77,87.53,81.08,1,2,29286,3,17.7,1,Pass
82.96,90.38,94.06,87.87,94.15,85.33,1,3,30132,1,20.0,0,Pass
91.16,88.75,95.58,84.38,99.69,82.25,0,5,79587,3,17.0,0,Pass
71.53,70.65,73.04,77.52,77.54,88.47,1,1,36575,4,3.5,0,At-Risk
84.87,80.14,66.27,68.75,79.78,85.19,0,4,36711,3,5.4,1,At-Risk
81.79,73.63,79.6,68.76,71.13,72.18,1,5,69752,1,17.3,0,At-Risk
93.27,85.27,84.97,89.41,94.06,93.37,0,3,72711,2,8.4,0,Pass
82.34,70.66,72.06,69.14,70.09,80.83,0,4,15190,1,6.2,0,At-Risk
87.24,85.7,96.46,88.17,95.71,84.7,0,1,32849,3,8.8,0,Pass
74.98,74.11,71.54,78.64,88.04,88.95,1,3,74096,2,13.5,1,At-Risk
85.52,84.3,88.35,95.49,95.83,96.63,1,5,73997,4,10.3,1,Pass
96.73,92.19,92.05,89.61,85.31,91.28,1,4,12559,4,2.4,1,Pass
75.62,77.47,72.15,66.83,75.94,81.99,1,3,64014,1,3.3,0,At-Risk
89.01,88.86,93.61,93.97,86.32,84.34,0,5,11017,1,8.8,1,Pass
90.92,92.58,84.28,88.15,87.14,85.54,1,4,51250,3,16.1,0,Pass
96.1,85.58,86.67,94.63,99.49,83.98,0,5,18998,1,14.5,0,Pass
82.78,96.01,98.25,99.26,94.42,85.47,0,2,52797,2,9.3,0,Pass
74.34,70.27,67.81,68.28,71.21,89.63,0,4,53834,2,10.6,0,At-Risk
93.78,88.59,89.26,95.56,87.46,89.44,0,3,55674,2,19.3,1,Pass
99.35,87.21,93.48,95.6,88.9,99.43,1,2,36363,3,4.8,0,Pass
66.3,59.86,66.99,57.59,53.19,52.55,0,4,29396,2,3.7,1,Fail
96.66,99.62,86.65,96.52,89.8,86.77,0,1,59634,1,6.1,1,Pass
84.75,95.46,99.23,84.39,87.54,88.42,0,4,21244,4,13.3,1,Pass
78.1,81.33,76.57,67.35,80.04,81.7,0,2,65655,3,13.5,0,At-Risk
97.82,85.44,81.04,94.15,89.92,99.0,0,2,56748,3,13.5,1,Pass
82.5,71.65,72.29,65.94,84.26,71.03,1,5,21773,2,11.9,1,At-Risk
81.69,72.22,77.41,68.05,82.16,85.32,1,1,77538,4,4.3,1,At-Risk
89.72,90.04,92.15,95.76,97.76,97.28,1,4,31629,2,3.8,1,Pass
91.51,84.99,83.59,88.05,94.81,83.85,1,4,19124,1,17.0,0,Pass
79.28,78.12,74.73,73.71,88.12,86.42,1,4,44166,2,4.1,0,At-Risk
84.97,89.39,92.63,83.39,99.64,96.79,0,3,69530,4,10.4,0,Pass
85.0,87.61,92.41,98.7,93.02,99.35,0,2,59163,2,2.4,1,Pass
83.46,76.09,73.24,68.74,87.98,71.41,1,5,60313,1,11.3,0,At-Risk
90.76,84.88,95.83,86.64,95.31,94.59,0,2,56727,2,10.9,1,Pass
90.22,95.45,80.64,93.0,98.35,86.9,0,3,18333,1,11.3,0,Pass
71.86,78.17,72.07,79.86,81.65,85.78,0,4,25859,4,4.5,1,At-Risk
66.56,67.33,42.5,63.43,55.37,41.91,0,4,44282,2,9.0,1,Fail
82.11,89.39,87.54,94.63,91.47,96.53,0,3,73579,3,7.2,1,Pass
84.13,94.58,93.63,83.46,97.5,89.69,1,2,41567,1,8.1,0,Pass
78.8,79.75,72.34,66.66,83.58,84.67,1,4,44294,3,7.4,0,At-Risk
60.94,65.98,67.21,49.09,45.2,65.81,0,3,11784,4,13.2,0,Fail
96.46,99.16,81.79,94.94,99.68,86.68,0,5,12238,3,6.0,1,Pass
83.4,88.67,80.57,99.09,85.4,80.07,0,5,79283,3,3.2,0,Pass
97.55,96.07,85.38,84.3,92.93,84.08,0,1,41173,4,9.7,0,Pass
97.16,96.88,91.38,92.58,87.1,88.76,1,1,73731,1,10.4,0,Pass
79.16,79.98,68.94,75.34,74.99,84.56,0,1,26924,3,9.9,0,At-Risk
92.74,98.58,87.63,82.0,94.32,84.98,1,4,37548,4,4.8,0,Pass
81.39,83.82,65.39,65.5,88.04,75.33,0,4,63112,3,10.4,0,At-Risk
90.44,91.07,90.17,81.34,87.46,98.21,0,1,22950,4,13.0,0,Pass
73.62,56.93,51.01,55.17,41.54,50.64,1,4,46698,1,16.8,0,Fail
53.43,70.42,62.76,45.6,49.76,57.89,1,5,11161,2,18.4,0,Fail
97.11,83.96,99.84,94.22,90.25,99.93,0,2,26264,4,18.7,0,Pass
82.28,82.87,84.73,91.7,97.25,83.02,0,1,51483,1,10.1,0,Pass
98.92,98.25,87.24,89.04,91.98,87.04,1,2,42473,3,4.9,0,Pass
80.7,75.82,79.08,70.41,89.44,83.79,1,2,22946,1,7.1,0,At-Risk
76.73,82.06,69.08,73.63,70.48,71.04,0,1,60192,3,13.3,0,At-Risk
85.48,93.51,96.84,88.28,97.33,91.56,0,3,51995,4,2.1,1,Pass
89.08,84.28,98.23,96.62,91.49,95.31,1,2,32584,4,16.5,0,Pass
95.57,97.22,82.39,86.46,88.53,81.31,0,1,62422,3,5.2,1,Pass
80.36,80.2,76.74,65.64,81.38,81.21,1,2,65612,1,17.9,0,At-Risk
78.34,82.61,73.71,70.4,74.98,86.54,0,5,69485,4,5.8,0,At-Risk
98.64,99.43,93.3,80.67,87.79,95.91,0,5,36943,4,2.0,1,Pass
83.04,80.37,69.36,76.64,81.12,73.95,1,1,57775,3,15.2,0,At-Risk
72.15,71.03,74.34,67.25,85.45,77.9,0,2,18771,1,10.7,0,At-Risk
79.03,78.28,80.0,75.9,83.82,79.77,1,5,55543,1,2.2,1,At-Risk
83.5,70.92,78.77,75.29,88.04,74.05,1,1,15962,2,17.3,1,At-Risk
83.39,89.12,81.22,85.28,85.99,91.14,1,2,79229,1,8.0,1,Pass
96.15,82.03,80.64,88.16,97.57,80.4,1,2,27953,3,6.7,1,Pass
70.27,63.55,47.62,66.47,52.76,77.72,1,4,20727,4,16.2,1,Fail
70.86,70.45,79.82,66.87,77.39,71.55,1,2,44059,3,5.4,1,At-Risk
60.94,59.97,45.2,45.92,61.09,40.44,0,5,29052,4,14.6,0,Fail
82.83,86.48,93.12,80.39,98.19,86.23,0,3,64351,4,9.9,1,Pass
91.34,96.65,94.09,88.88,90.5,82.73,0,5,59571,3,12.5,0,Pass
74.64,78.89,75.98,66.43,88.17,73.73,1,1,73405,1,11.4,0,At-Risk
85.49,87.16,96.8,97.03,91.84,91.47,1,2,19661,1,18.8,0,Pass
83.04,82.61,66.4,76.97,87.34,88.84,0,3,24115,3,10.9,1,At-Risk
88.19,82.72,88.0,81.39,92.51,93.15,0,5,42370,1,18.6,0,Pass
79.64,77.91,69.03,67.87,76.43,87.51,1,5,10101,2,9.2,1,At-Risk
79.37,72.4,70.44,74.47,71.41,72.92,0,4,28921,1,2.4,1,At-Risk
87.47,90.28,91.57,98.95,98.9,88.44,0,4,19721,4,5.7,1,Pass
82.52,85.82,98.81,93.81,95.86,98.71,0,5,67006,1,13.8,1,Pass
83.68,83.38,81.89,96.81,88.92,94.89,0,5,79267,1,17.6,0,Pass
82.54,99.92,87.51,87.04,89.86,98.95,0,4,60293,4,6.4,1,Pass
90.6,87.22,93.5,92.98,98.61,90.86,1,1,79352,2,5.9,1,Pass
95.92,85.65,94.45,82.33,99.02,99.19,1,3,37787,1,13.8,1,Pass
98.54,87.64,87.93,96.84,98.76,84.32,1,1,24613,4,2.7,0,Pass
90.15,94.99,93.83,91.13,89.84,83.01,1,2,41069,3,9.6,1,Pass
95.67,86.87,88.72,91.78,92.32,82.76,0,2,23352,1,9.5,0,Pass
99.72,82.49,84.11,94.85,86.13,91.8,0,4,65354,2,2.6,1,Pass
97.58,95.09,83.1,94.84,88.48,94.29,1,5,27503,4,17.1,0,Pass
72.28,73.38,66.46,75.79,77.35,74.17,1,5,12146,1,8.4,0,At-Risk
89.17,94.02,91.38,80.91,99.65,89.62,1,2,68077,2,17.9,0,Pass
71.96,81.54,75.7,74.19,87.22,84.07,0,5,66171,2,7.9,1,At-Risk
89.21,83.25,86.03,90.97,89.3,81.27,1,1,44287,2,19.1,0,Pass
97.24,88.78,98.55,95.3,86.93,95.32,1,3,16836,3,9.9,1,Pass
89.53,82.06,80.53,84.62,99.12,90.89,0,3,35663,2,11.1,0,Pass
93.44,97.5,97.49,82.78,87.49,98.74,1,3,43200,3,12.8,0,Pass
98.98,91.68,92.87,82.42,87.02,80.47,0,1,65098,1,2.9,0,Pass
82.53,84.55,95.56,93.55,99.43,99.67,0,1,76879,2,14.9,1,Pass
91.44,85.74,92.37,91.11,87.01,84.9,1,4,79085,1,14.1,1,Pass
52.6,59.12,63.35,44.9,44.62,72.8,0,3,34105,2,17.8,1,Fail
86.07,88.26,97.5,88.96,89.18,89.32,1,2,51951,1,13.9,0,Pass
72.18,72.17,67.8,72.69,87.7,76.56,0,4,56307,2,6.7,0,At-Risk
94.89,90.07,91.95,98.53,87.3,94.1,0,1,17779,3,18.5,0,Pass
97.66,94.01,85.94,97.3,87.73,84.49,0,4,21358,1,4.3,1,Pass
71.0,70.71,52.36,62.28,55.77,65.1,1,1,68951,2,2.5,0,Fail
88.74,83.06,99.13,96.86,92.72,97.55,0,3,23290,4,8.4,1,Pass
97.48,95.94,95.4,98.5,85.14,84.75,1,5,10657,4,20.0,1,Pass
96.07,86.24,98.72,96.11,98.38,80.09,1,1,51598,4,19.9,1,Pass
84.32,90.6,91.88,83.55,94.42,84.2,0,3,68196,2,5.9,1,Pass
86.85,97.33,87.13,89.28,98.02,90.99,1,4,59885,2,16.6,0,Pass
82.3,75.81,70.91,72.83,78.51,76.75,0,2,61136,4,16.5,1,At-Risk
72.4,84.82,77.92,75.24,80.06,86.58,1,2,16135,4,19.0,1,At-Risk
84.89,81.79,70.38,79.53,72.83,84.26,1,3,21742,2,8.3,0,At-Risk
88.02,95.04,85.36,80.78,93.57,96.32,0,1,21052,1,10.9,0,Pass
58.35,64.76,62.66,42.18,56.47,55.91,0,3,64288,3,10.1,0,Fail
95.95,82.12,90.59,81.1,89.11,93.04,1,1,74743,4,9.3,1,Pass
82.61,83.75,94.89,82.19,88.69,92.49,1,4,25768,4,16.3,0,Pass
