USE student_prediction_system;

SET FOREIGN_KEY_CHECKS = 0;
TRUNCATE TABLE tbl_predictions;
TRUNCATE TABLE tbl_academic_records;
TRUNCATE TABLE tbl_surveys;
TRUNCATE TABLE tbl_students;
SET FOREIGN_KEY_CHECKS = 1;

INSERT INTO tbl_students (id, student_no, full_name, year_level, section, gender, household_income, parental_education, scholarship_status, working_student) VALUES (1, '2024-10001', 'Margaret Mitchell', '2nd Year', 'C', 'Female', 53080, 2, 'Full Scholarship', 1);
INSERT INTO tbl_surveys (student_id, internet_access, digital_literacy, device_availability, study_hours) VALUES (1, 0, 2, 'Laptop & Smartphone', 9.0);
INSERT INTO tbl_academic_records (id, student_id, academic_year, semester, prelim_grade, midterm_grade, semi_final_grade, final_grade, attendance_rate, lab_score) VALUES (1, 1, '2023-2024', '1st Semester', 77.48, 82.96, 76.77, 70.1, 88.56, 63.5);
INSERT INTO tbl_predictions (student_id, academic_record_id, predicted_status, confidence, recommendation, risk_factors, feature_payload) VALUES (1, 1, 'At-Risk', 0.8193, 'Attend peer tutoring and improve study habits.', 'Fluctuating grades, Moderate attendance', '{"prelim_grade": 77.48, "midterm_grade": 82.96, "semi_final_grade": 76.77, "final_grade": 70.1, "attendance_rate": 88.56, "lab_score": 63.5, "internet_access": 0, "digital_literacy": 2, "household_income": 53080, "working_student": 1}');

INSERT INTO tbl_students (id, student_no, full_name, year_level, section, gender, household_income, parental_education, scholarship_status, working_student) VALUES (2, '2024-10002', 'Mary Taylor', '3rd Year', 'A', 'Female', 49005, 3, 'None', 1);
INSERT INTO tbl_surveys (student_id, internet_access, digital_literacy, device_availability, study_hours) VALUES (2, 0, 5, 'Laptop & Smartphone', 16.8);
INSERT INTO tbl_academic_records (id, student_id, academic_year, semester, prelim_grade, midterm_grade, semi_final_grade, final_grade, attendance_rate, lab_score) VALUES (2, 2, '2023-2024', '1st Semester', 67.36, 63.21, 58.24, 58.25, 50.3, 82.79);
INSERT INTO tbl_predictions (student_id, academic_record_id, predicted_status, confidence, recommendation, risk_factors, feature_payload) VALUES (2, 2, 'Fail', 0.891, 'Urgent intervention required. Consult with advisor immediately.', 'Low academic scores, Poor attendance rate', '{"prelim_grade": 67.36, "midterm_grade": 63.21, "semi_final_grade": 58.24, "final_grade": 58.25, "attendance_rate": 50.3, "lab_score": 82.79, "internet_access": 0, "digital_literacy": 5, "household_income": 49005, "working_student": 1}');

INSERT INTO tbl_students (id, student_no, full_name, year_level, section, gender, household_income, parental_education, scholarship_status, working_student) VALUES (3, '2024-10003', 'Brian Scott', '4th Year', 'D', 'Female', 59450, 5, 'DOST Scholarship', 1);
INSERT INTO tbl_surveys (student_id, internet_access, digital_literacy, device_availability, study_hours) VALUES (3, 0, 3, 'Smartphone', 2.3);
INSERT INTO tbl_academic_records (id, student_id, academic_year, semester, prelim_grade, midterm_grade, semi_final_grade, final_grade, attendance_rate, lab_score) VALUES (3, 3, '2023-2024', '1st Semester', 86.66, 97.29, 96.26, 93.33, 91.1, 72.22);
INSERT INTO tbl_predictions (student_id, academic_record_id, predicted_status, confidence, recommendation, risk_factors, feature_payload) VALUES (3, 3, 'Pass', 0.8561, 'Keep up the excellent work! Participate in advanced workshops.', 'High attendance, Strong academic performance', '{"prelim_grade": 86.66, "midterm_grade": 97.29, "semi_final_grade": 96.26, "final_grade": 93.33, "attendance_rate": 91.1, "lab_score": 72.22, "internet_access": 0, "digital_literacy": 3, "household_income": 59450, "working_student": 1}');

INSERT INTO tbl_students (id, student_no, full_name, year_level, section, gender, household_income, parental_education, scholarship_status, working_student) VALUES (4, '2024-10004', 'Paul Roberts', '2nd Year', 'A', 'Male', 20303, 2, 'Full Scholarship', 1);
INSERT INTO tbl_surveys (student_id, internet_access, digital_literacy, device_availability, study_hours) VALUES (4, 1, 3, 'Smartphone', 19.8);
INSERT INTO tbl_academic_records (id, student_id, academic_year, semester, prelim_grade, midterm_grade, semi_final_grade, final_grade, attendance_rate, lab_score) VALUES (4, 4, '2023-2024', '1st Semester', 77.98, 83.37, 79.4, 73.65, 76.0, 62.8);
INSERT INTO tbl_predictions (student_id, academic_record_id, predicted_status, confidence, recommendation, risk_factors, feature_payload) VALUES (4, 4, 'At-Risk', 0.6487, 'Attend peer tutoring and improve study habits.', 'Fluctuating grades, Moderate attendance', '{"prelim_grade": 77.98, "midterm_grade": 83.37, "semi_final_grade": 79.4, "final_grade": 73.65, "attendance_rate": 76.0, "lab_score": 62.8, "internet_access": 1, "digital_literacy": 3, "household_income": 20303, "working_student": 1}');

INSERT INTO tbl_students (id, student_no, full_name, year_level, section, gender, household_income, parental_education, scholarship_status, working_student) VALUES (5, '2024-10005', 'Mary Thomas', '3rd Year', 'B', 'Female', 14522, 3, 'DOST Scholarship', 0);
INSERT INTO tbl_surveys (student_id, internet_access, digital_literacy, device_availability, study_hours) VALUES (5, 0, 2, 'Laptop & Smartphone', 7.1);
INSERT INTO tbl_academic_records (id, student_id, academic_year, semester, prelim_grade, midterm_grade, semi_final_grade, final_grade, attendance_rate, lab_score) VALUES (5, 5, '2023-2024', '1st Semester', 67.78, 71.94, 52.19, 64.59, 51.21, 68.54);
INSERT INTO tbl_predictions (student_id, academic_record_id, predicted_status, confidence, recommendation, risk_factors, feature_payload) VALUES (5, 5, 'Fail', 0.7757, 'Urgent intervention required. Consult with advisor immediately.', 'Low academic scores, Poor attendance rate', '{"prelim_grade": 67.78, "midterm_grade": 71.94, "semi_final_grade": 52.19, "final_grade": 64.59, "attendance_rate": 51.21, "lab_score": 68.54, "internet_access": 0, "digital_literacy": 2, "household_income": 14522, "working_student": 0}');

INSERT INTO tbl_students (id, student_no, full_name, year_level, section, gender, household_income, parental_education, scholarship_status, working_student) VALUES (6, '2024-10006', 'Christopher Lee', '2nd Year', 'D', 'Male', 18354, 3, 'None', 1);
INSERT INTO tbl_surveys (student_id, internet_access, digital_literacy, device_availability, study_hours) VALUES (6, 0, 1, 'Desktop', 13.1);
INSERT INTO tbl_academic_records (id, student_id, academic_year, semester, prelim_grade, midterm_grade, semi_final_grade, final_grade, attendance_rate, lab_score) VALUES (6, 6, '2023-2024', '1st Semester', 85.16, 89.2, 88.8, 91.77, 91.91, 64.93);
INSERT INTO tbl_predictions (student_id, academic_record_id, predicted_status, confidence, recommendation, risk_factors, feature_payload) VALUES (6, 6, 'Pass', 0.9862, 'Keep up the excellent work! Participate in advanced workshops.', 'High attendance, Strong academic performance', '{"prelim_grade": 85.16, "midterm_grade": 89.2, "semi_final_grade": 88.8, "final_grade": 91.77, "attendance_rate": 91.91, "lab_score": 64.93, "internet_access": 0, "digital_literacy": 1, "household_income": 18354, "working_student": 1}');

INSERT INTO tbl_students (id, student_no, full_name, year_level, section, gender, household_income, parental_education, scholarship_status, working_student) VALUES (7, '2024-10007', 'Robert Carter', '1st Year', 'D', 'Male', 38607, 4, 'Full Scholarship', 0);
INSERT INTO tbl_surveys (student_id, internet_access, digital_literacy, device_availability, study_hours) VALUES (7, 1, 1, 'Tablet', 5.5);
INSERT INTO tbl_academic_records (id, student_id, academic_year, semester, prelim_grade, midterm_grade, semi_final_grade, final_grade, attendance_rate, lab_score) VALUES (7, 7, '2023-2024', '1st Semester', 83.6, 75.26, 74.34, 76.89, 77.39, 67.63);
INSERT INTO tbl_predictions (student_id, academic_record_id, predicted_status, confidence, recommendation, risk_factors, feature_payload) VALUES (7, 7, 'At-Risk', 0.6432, 'Attend peer tutoring and improve study habits.', 'Fluctuating grades, Moderate attendance', '{"prelim_grade": 83.6, "midterm_grade": 75.26, "semi_final_grade": 74.34, "final_grade": 76.89, "attendance_rate": 77.39, "lab_score": 67.63, "internet_access": 1, "digital_literacy": 1, "household_income": 38607, "working_student": 0}');

INSERT INTO tbl_students (id, student_no, full_name, year_level, section, gender, household_income, parental_education, scholarship_status, working_student) VALUES (8, '2024-10008', 'Patricia Nelson', '1st Year', 'A', 'Male', 60847, 4, 'DOST Scholarship', 0);
INSERT INTO tbl_surveys (student_id, internet_access, digital_literacy, device_availability, study_hours) VALUES (8, 0, 4, 'Smartphone', 10.2);
INSERT INTO tbl_academic_records (id, student_id, academic_year, semester, prelim_grade, midterm_grade, semi_final_grade, final_grade, attendance_rate, lab_score) VALUES (8, 8, '2023-2024', '1st Semester', 72.34, 68.17, 55.91, 50.88, 69.49, 80.83);
INSERT INTO tbl_predictions (student_id, academic_record_id, predicted_status, confidence, recommendation, risk_factors, feature_payload) VALUES (8, 8, 'Fail', 0.783, 'Urgent intervention required. Consult with advisor immediately.', 'Low academic scores, Poor attendance rate', '{"prelim_grade": 72.34, "midterm_grade": 68.17, "semi_final_grade": 55.91, "final_grade": 50.88, "attendance_rate": 69.49, "lab_score": 80.83, "internet_access": 0, "digital_literacy": 4, "household_income": 60847, "working_student": 0}');

INSERT INTO tbl_students (id, student_no, full_name, year_level, section, gender, household_income, parental_education, scholarship_status, working_student) VALUES (9, '2024-10009', 'Kimberly Young', '1st Year', 'B', 'Male', 59483, 3, 'None', 1);
INSERT INTO tbl_surveys (student_id, internet_access, digital_literacy, device_availability, study_hours) VALUES (9, 1, 3, 'Desktop', 11.2);
INSERT INTO tbl_academic_records (id, student_id, academic_year, semester, prelim_grade, midterm_grade, semi_final_grade, final_grade, attendance_rate, lab_score) VALUES (9, 9, '2023-2024', '1st Semester', 88.37, 85.55, 86.37, 87.18, 94.26, 78.85);
INSERT INTO tbl_predictions (student_id, academic_record_id, predicted_status, confidence, recommendation, risk_factors, feature_payload) VALUES (9, 9, 'Pass', 0.9203, 'Keep up the excellent work! Participate in advanced workshops.', 'High attendance, Strong academic performance', '{"prelim_grade": 88.37, "midterm_grade": 85.55, "semi_final_grade": 86.37, "final_grade": 87.18, "attendance_rate": 94.26, "lab_score": 78.85, "internet_access": 1, "digital_literacy": 3, "household_income": 59483, "working_student": 1}');

INSERT INTO tbl_students (id, student_no, full_name, year_level, section, gender, household_income, parental_education, scholarship_status, working_student) VALUES (10, '2024-10010', 'John Flores', '4th Year', 'B', 'Female', 33551, 2, 'Full Scholarship', 1);
INSERT INTO tbl_surveys (student_id, internet_access, digital_literacy, device_availability, study_hours) VALUES (10, 1, 1, 'Tablet', 9.3);
INSERT INTO tbl_academic_records (id, student_id, academic_year, semester, prelim_grade, midterm_grade, semi_final_grade, final_grade, attendance_rate, lab_score) VALUES (10, 10, '2023-2024', '1st Semester', 78.9, 77.55, 78.55, 74.72, 80.28, 79.07);
INSERT INTO tbl_predictions (student_id, academic_record_id, predicted_status, confidence, recommendation, risk_factors, feature_payload) VALUES (10, 10, 'At-Risk', 0.6874, 'Attend peer tutoring and improve study habits.', 'Fluctuating grades, Moderate attendance', '{"prelim_grade": 78.9, "midterm_grade": 77.55, "semi_final_grade": 78.55, "final_grade": 74.72, "attendance_rate": 80.28, "lab_score": 79.07, "internet_access": 1, "digital_literacy": 1, "household_income": 33551, "working_student": 1}');

INSERT INTO tbl_students (id, student_no, full_name, year_level, section, gender, household_income, parental_education, scholarship_status, working_student) VALUES (11, '2024-10011', 'Donald Rodriguez', '3rd Year', 'D', 'Male', 19315, 4, 'DOST Scholarship', 1);
INSERT INTO tbl_surveys (student_id, internet_access, digital_literacy, device_availability, study_hours) VALUES (11, 0, 1, 'Laptop & Smartphone', 6.6);
INSERT INTO tbl_academic_records (id, student_id, academic_year, semester, prelim_grade, midterm_grade, semi_final_grade, final_grade, attendance_rate, lab_score) VALUES (11, 11, '2023-2024', '1st Semester', 66.49, 63.21, 65.05, 56.81, 69.54, 63.45);
INSERT INTO tbl_predictions (student_id, academic_record_id, predicted_status, confidence, recommendation, risk_factors, feature_payload) VALUES (11, 11, 'Fail', 0.8912, 'Urgent intervention required. Consult with advisor immediately.', 'Low academic scores, Poor attendance rate', '{"prelim_grade": 66.49, "midterm_grade": 63.21, "semi_final_grade": 65.05, "final_grade": 56.81, "attendance_rate": 69.54, "lab_score": 63.45, "internet_access": 0, "digital_literacy": 1, "household_income": 19315, "working_student": 1}');

INSERT INTO tbl_students (id, student_no, full_name, year_level, section, gender, household_income, parental_education, scholarship_status, working_student) VALUES (12, '2024-10012', 'Margaret Roberts', '4th Year', 'D', 'Male', 14587, 2, 'Full Scholarship', 0);
INSERT INTO tbl_surveys (student_id, internet_access, digital_literacy, device_availability, study_hours) VALUES (12, 1, 2, 'Laptop', 18.1);
INSERT INTO tbl_academic_records (id, student_id, academic_year, semester, prelim_grade, midterm_grade, semi_final_grade, final_grade, attendance_rate, lab_score) VALUES (12, 12, '2023-2024', '1st Semester', 85.98, 90.42, 93.48, 85.47, 92.19, 70.51);
INSERT INTO tbl_predictions (student_id, academic_record_id, predicted_status, confidence, recommendation, risk_factors, feature_payload) VALUES (12, 12, 'Pass', 0.8761, 'Keep up the excellent work! Participate in advanced workshops.', 'High attendance, Strong academic performance', '{"prelim_grade": 85.98, "midterm_grade": 90.42, "semi_final_grade": 93.48, "final_grade": 85.47, "attendance_rate": 92.19, "lab_score": 70.51, "internet_access": 1, "digital_literacy": 2, "household_income": 14587, "working_student": 0}');

INSERT INTO tbl_students (id, student_no, full_name, year_level, section, gender, household_income, parental_education, scholarship_status, working_student) VALUES (13, '2024-10013', 'Elizabeth Williams', '1st Year', 'D', 'Female', 51101, 1, 'None', 1);
INSERT INTO tbl_surveys (student_id, internet_access, digital_literacy, device_availability, study_hours) VALUES (13, 0, 5, 'Smartphone', 17.7);
INSERT INTO tbl_academic_records (id, student_id, academic_year, semester, prelim_grade, midterm_grade, semi_final_grade, final_grade, attendance_rate, lab_score) VALUES (13, 13, '2023-2024', '1st Semester', 80.27, 78.09, 79.53, 72.77, 84.17, 65.07);
INSERT INTO tbl_predictions (student_id, academic_record_id, predicted_status, confidence, recommendation, risk_factors, feature_payload) VALUES (13, 13, 'At-Risk', 0.7712, 'Attend peer tutoring and improve study habits.', 'Fluctuating grades, Moderate attendance', '{"prelim_grade": 80.27, "midterm_grade": 78.09, "semi_final_grade": 79.53, "final_grade": 72.77, "attendance_rate": 84.17, "lab_score": 65.07, "internet_access": 0, "digital_literacy": 5, "household_income": 51101, "working_student": 1}');

INSERT INTO tbl_students (id, student_no, full_name, year_level, section, gender, household_income, parental_education, scholarship_status, working_student) VALUES (14, '2024-10014', 'Joshua Wilson', '3rd Year', 'C', 'Male', 43667, 1, 'None', 1);
INSERT INTO tbl_surveys (student_id, internet_access, digital_literacy, device_availability, study_hours) VALUES (14, 1, 2, 'Desktop', 8.5);
INSERT INTO tbl_academic_records (id, student_id, academic_year, semester, prelim_grade, midterm_grade, semi_final_grade, final_grade, attendance_rate, lab_score) VALUES (14, 14, '2023-2024', '1st Semester', 72.75, 66.94, 55.06, 65.57, 65.31, 94.32);
INSERT INTO tbl_predictions (student_id, academic_record_id, predicted_status, confidence, recommendation, risk_factors, feature_payload) VALUES (14, 14, 'Fail', 0.7848, 'Urgent intervention required. Consult with advisor immediately.', 'Low academic scores, Poor attendance rate', '{"prelim_grade": 72.75, "midterm_grade": 66.94, "semi_final_grade": 55.06, "final_grade": 65.57, "attendance_rate": 65.31, "lab_score": 94.32, "internet_access": 1, "digital_literacy": 2, "household_income": 43667, "working_student": 1}');

INSERT INTO tbl_students (id, student_no, full_name, year_level, section, gender, household_income, parental_education, scholarship_status, working_student) VALUES (15, '2024-10015', 'Margaret Rivera', '2nd Year', 'D', 'Female', 42458, 2, 'None', 1);
INSERT INTO tbl_surveys (student_id, internet_access, digital_literacy, device_availability, study_hours) VALUES (15, 1, 2, 'Smartphone', 4.7);
INSERT INTO tbl_academic_records (id, student_id, academic_year, semester, prelim_grade, midterm_grade, semi_final_grade, final_grade, attendance_rate, lab_score) VALUES (15, 15, '2023-2024', '1st Semester', 91.92, 94.98, 88.39, 89.12, 92.35, 81.65);
INSERT INTO tbl_predictions (student_id, academic_record_id, predicted_status, confidence, recommendation, risk_factors, feature_payload) VALUES (15, 15, 'Pass', 0.8512, 'Keep up the excellent work! Participate in advanced workshops.', 'High attendance, Strong academic performance', '{"prelim_grade": 91.92, "midterm_grade": 94.98, "semi_final_grade": 88.39, "final_grade": 89.12, "attendance_rate": 92.35, "lab_score": 81.65, "internet_access": 1, "digital_literacy": 2, "household_income": 42458, "working_student": 1}');

INSERT INTO tbl_students (id, student_no, full_name, year_level, section, gender, household_income, parental_education, scholarship_status, working_student) VALUES (16, '2024-10016', 'Matthew Moore', '3rd Year', 'B', 'Female', 20408, 5, 'DOST Scholarship', 0);
INSERT INTO tbl_surveys (student_id, internet_access, digital_literacy, device_availability, study_hours) VALUES (16, 0, 1, 'Laptop', 8.3);
INSERT INTO tbl_academic_records (id, student_id, academic_year, semester, prelim_grade, midterm_grade, semi_final_grade, final_grade, attendance_rate, lab_score) VALUES (16, 16, '2023-2024', '1st Semester', 77.4, 77.99, 73.15, 71.52, 75.2, 81.32);
INSERT INTO tbl_predictions (student_id, academic_record_id, predicted_status, confidence, recommendation, risk_factors, feature_payload) VALUES (16, 16, 'At-Risk', 0.7554, 'Attend peer tutoring and improve study habits.', 'Fluctuating grades, Moderate attendance', '{"prelim_grade": 77.4, "midterm_grade": 77.99, "semi_final_grade": 73.15, "final_grade": 71.52, "attendance_rate": 75.2, "lab_score": 81.32, "internet_access": 0, "digital_literacy": 1, "household_income": 20408, "working_student": 0}');

INSERT INTO tbl_students (id, student_no, full_name, year_level, section, gender, household_income, parental_education, scholarship_status, working_student) VALUES (17, '2024-10017', 'Joseph Torres', '3rd Year', 'A', 'Male', 61093, 4, 'None', 1);
INSERT INTO tbl_surveys (student_id, internet_access, digital_literacy, device_availability, study_hours) VALUES (17, 1, 2, 'Tablet', 15.0);
INSERT INTO tbl_academic_records (id, student_id, academic_year, semester, prelim_grade, midterm_grade, semi_final_grade, final_grade, attendance_rate, lab_score) VALUES (17, 17, '2023-2024', '1st Semester', 71.07, 63.48, 51.81, 52.25, 59.77, 85.66);
INSERT INTO tbl_predictions (student_id, academic_record_id, predicted_status, confidence, recommendation, risk_factors, feature_payload) VALUES (17, 17, 'Fail', 0.8665, 'Urgent intervention required. Consult with advisor immediately.', 'Low academic scores, Poor attendance rate', '{"prelim_grade": 71.07, "midterm_grade": 63.48, "semi_final_grade": 51.81, "final_grade": 52.25, "attendance_rate": 59.77, "lab_score": 85.66, "internet_access": 1, "digital_literacy": 2, "household_income": 61093, "working_student": 1}');

INSERT INTO tbl_students (id, student_no, full_name, year_level, section, gender, household_income, parental_education, scholarship_status, working_student) VALUES (18, '2024-10018', 'Anthony Torres', '3rd Year', 'D', 'Female', 54064, 2, 'DOST Scholarship', 1);
INSERT INTO tbl_surveys (student_id, internet_access, digital_literacy, device_availability, study_hours) VALUES (18, 1, 4, 'Tablet', 18.6);
INSERT INTO tbl_academic_records (id, student_id, academic_year, semester, prelim_grade, midterm_grade, semi_final_grade, final_grade, attendance_rate, lab_score) VALUES (18, 18, '2023-2024', '1st Semester', 93.35, 87.87, 89.03, 86.08, 95.67, 71.3);
INSERT INTO tbl_predictions (student_id, academic_record_id, predicted_status, confidence, recommendation, risk_factors, feature_payload) VALUES (18, 18, 'Pass', 0.9507, 'Keep up the excellent work! Participate in advanced workshops.', 'High attendance, Strong academic performance', '{"prelim_grade": 93.35, "midterm_grade": 87.87, "semi_final_grade": 89.03, "final_grade": 86.08, "attendance_rate": 95.67, "lab_score": 71.3, "internet_access": 1, "digital_literacy": 4, "household_income": 54064, "working_student": 1}');

INSERT INTO tbl_students (id, student_no, full_name, year_level, section, gender, household_income, parental_education, scholarship_status, working_student) VALUES (19, '2024-10019', 'Margaret Campbell', '2nd Year', 'B', 'Male', 39497, 5, 'Full Scholarship', 1);
INSERT INTO tbl_surveys (student_id, internet_access, digital_literacy, device_availability, study_hours) VALUES (19, 0, 4, 'Laptop', 17.5);
INSERT INTO tbl_academic_records (id, student_id, academic_year, semester, prelim_grade, midterm_grade, semi_final_grade, final_grade, attendance_rate, lab_score) VALUES (19, 19, '2023-2024', '1st Semester', 83.1, 77.42, 77.96, 76.55, 78.89, 93.61);
INSERT INTO tbl_predictions (student_id, academic_record_id, predicted_status, confidence, recommendation, risk_factors, feature_payload) VALUES (19, 19, 'At-Risk', 0.7821, 'Attend peer tutoring and improve study habits.', 'Fluctuating grades, Moderate attendance', '{"prelim_grade": 83.1, "midterm_grade": 77.42, "semi_final_grade": 77.96, "final_grade": 76.55, "attendance_rate": 78.89, "lab_score": 93.61, "internet_access": 0, "digital_literacy": 4, "household_income": 39497, "working_student": 1}');

INSERT INTO tbl_students (id, student_no, full_name, year_level, section, gender, household_income, parental_education, scholarship_status, working_student) VALUES (20, '2024-10020', 'Amanda White', '1st Year', 'C', 'Female', 32910, 4, 'DOST Scholarship', 0);
INSERT INTO tbl_surveys (student_id, internet_access, digital_literacy, device_availability, study_hours) VALUES (20, 1, 2, 'Smartphone', 16.6);
INSERT INTO tbl_academic_records (id, student_id, academic_year, semester, prelim_grade, midterm_grade, semi_final_grade, final_grade, attendance_rate, lab_score) VALUES (20, 20, '2023-2024', '1st Semester', 67.8, 61.32, 54.11, 66.08, 67.28, 60.97);
INSERT INTO tbl_predictions (student_id, academic_record_id, predicted_status, confidence, recommendation, risk_factors, feature_payload) VALUES (20, 20, 'Fail', 0.8647, 'Urgent intervention required. Consult with advisor immediately.', 'Low academic scores, Poor attendance rate', '{"prelim_grade": 67.8, "midterm_grade": 61.32, "semi_final_grade": 54.11, "final_grade": 66.08, "attendance_rate": 67.28, "lab_score": 60.97, "internet_access": 1, "digital_literacy": 2, "household_income": 32910, "working_student": 0}');

INSERT INTO tbl_students (id, student_no, full_name, year_level, section, gender, household_income, parental_education, scholarship_status, working_student) VALUES (21, '2024-10021', 'Timothy Allen', '1st Year', 'D', 'Female', 60063, 3, 'Partial Scholarship', 1);
INSERT INTO tbl_surveys (student_id, internet_access, digital_literacy, device_availability, study_hours) VALUES (21, 0, 3, 'Smartphone', 13.6);
INSERT INTO tbl_academic_records (id, student_id, academic_year, semester, prelim_grade, midterm_grade, semi_final_grade, final_grade, attendance_rate, lab_score) VALUES (21, 21, '2023-2024', '1st Semester', 88.16, 96.17, 90.72, 95.79, 99.84, 69.82);
INSERT INTO tbl_predictions (student_id, academic_record_id, predicted_status, confidence, recommendation, risk_factors, feature_payload) VALUES (21, 21, 'Pass', 0.8914, 'Keep up the excellent work! Participate in advanced workshops.', 'High attendance, Strong academic performance', '{"prelim_grade": 88.16, "midterm_grade": 96.17, "semi_final_grade": 90.72, "final_grade": 95.79, "attendance_rate": 99.84, "lab_score": 69.82, "internet_access": 0, "digital_literacy": 3, "household_income": 60063, "working_student": 1}');

INSERT INTO tbl_students (id, student_no, full_name, year_level, section, gender, household_income, parental_education, scholarship_status, working_student) VALUES (22, '2024-10022', 'Matthew Gonzalez', '4th Year', 'A', 'Male', 42018, 5, 'None', 1);
INSERT INTO tbl_surveys (student_id, internet_access, digital_literacy, device_availability, study_hours) VALUES (22, 0, 4, 'Laptop', 14.0);
INSERT INTO tbl_academic_records (id, student_id, academic_year, semester, prelim_grade, midterm_grade, semi_final_grade, final_grade, attendance_rate, lab_score) VALUES (22, 22, '2023-2024', '1st Semester', 75.25, 80.6, 76.2, 70.83, 78.82, 91.99);
INSERT INTO tbl_predictions (student_id, academic_record_id, predicted_status, confidence, recommendation, risk_factors, feature_payload) VALUES (22, 22, 'At-Risk', 0.6688, 'Attend peer tutoring and improve study habits.', 'Fluctuating grades, Moderate attendance', '{"prelim_grade": 75.25, "midterm_grade": 80.6, "semi_final_grade": 76.2, "final_grade": 70.83, "attendance_rate": 78.82, "lab_score": 91.99, "internet_access": 0, "digital_literacy": 4, "household_income": 42018, "working_student": 1}');

INSERT INTO tbl_students (id, student_no, full_name, year_level, section, gender, household_income, parental_education, scholarship_status, working_student) VALUES (23, '2024-10023', 'Barbara Anderson', '1st Year', 'A', 'Female', 54481, 2, 'Partial Scholarship', 1);
INSERT INTO tbl_surveys (student_id, internet_access, digital_literacy, device_availability, study_hours) VALUES (23, 1, 3, 'Laptop & Smartphone', 13.0);
INSERT INTO tbl_academic_records (id, student_id, academic_year, semester, prelim_grade, midterm_grade, semi_final_grade, final_grade, attendance_rate, lab_score) VALUES (23, 23, '2023-2024', '1st Semester', 70.03, 67.0, 52.91, 60.99, 54.76, 74.08);
INSERT INTO tbl_predictions (student_id, academic_record_id, predicted_status, confidence, recommendation, risk_factors, feature_payload) VALUES (23, 23, 'Fail', 0.839, 'Urgent intervention required. Consult with advisor immediately.', 'Low academic scores, Poor attendance rate', '{"prelim_grade": 70.03, "midterm_grade": 67.0, "semi_final_grade": 52.91, "final_grade": 60.99, "attendance_rate": 54.76, "lab_score": 74.08, "internet_access": 1, "digital_literacy": 3, "household_income": 54481, "working_student": 1}');

INSERT INTO tbl_students (id, student_no, full_name, year_level, section, gender, household_income, parental_education, scholarship_status, working_student) VALUES (24, '2024-10024', 'Barbara Rivera', '3rd Year', 'B', 'Male', 64608, 4, 'DOST Scholarship', 0);
INSERT INTO tbl_surveys (student_id, internet_access, digital_literacy, device_availability, study_hours) VALUES (24, 0, 1, 'Laptop', 2.0);
INSERT INTO tbl_academic_records (id, student_id, academic_year, semester, prelim_grade, midterm_grade, semi_final_grade, final_grade, attendance_rate, lab_score) VALUES (24, 24, '2023-2024', '1st Semester', 90.0, 93.54, 90.56, 91.83, 95.08, 76.93);
INSERT INTO tbl_predictions (student_id, academic_record_id, predicted_status, confidence, recommendation, risk_factors, feature_payload) VALUES (24, 24, 'Pass', 0.9224, 'Keep up the excellent work! Participate in advanced workshops.', 'High attendance, Strong academic performance', '{"prelim_grade": 90.0, "midterm_grade": 93.54, "semi_final_grade": 90.56, "final_grade": 91.83, "attendance_rate": 95.08, "lab_score": 76.93, "internet_access": 0, "digital_literacy": 1, "household_income": 64608, "working_student": 0}');

INSERT INTO tbl_students (id, student_no, full_name, year_level, section, gender, household_income, parental_education, scholarship_status, working_student) VALUES (25, '2024-10025', 'Joshua Taylor', '3rd Year', 'D', 'Male', 62780, 2, 'DOST Scholarship', 0);
INSERT INTO tbl_surveys (student_id, internet_access, digital_literacy, device_availability, study_hours) VALUES (25, 0, 3, 'Tablet', 6.0);
INSERT INTO tbl_academic_records (id, student_id, academic_year, semester, prelim_grade, midterm_grade, semi_final_grade, final_grade, attendance_rate, lab_score) VALUES (25, 25, '2023-2024', '1st Semester', 76.17, 80.16, 78.15, 78.33, 76.7, 72.15);
INSERT INTO tbl_predictions (student_id, academic_record_id, predicted_status, confidence, recommendation, risk_factors, feature_payload) VALUES (25, 25, 'At-Risk', 0.6788, 'Attend peer tutoring and improve study habits.', 'Fluctuating grades, Moderate attendance', '{"prelim_grade": 76.17, "midterm_grade": 80.16, "semi_final_grade": 78.15, "final_grade": 78.33, "attendance_rate": 76.7, "lab_score": 72.15, "internet_access": 0, "digital_literacy": 3, "household_income": 62780, "working_student": 0}');

INSERT INTO tbl_students (id, student_no, full_name, year_level, section, gender, household_income, parental_education, scholarship_status, working_student) VALUES (26, '2024-10026', 'Robert Taylor', '1st Year', 'C', 'Female', 27649, 4, 'DOST Scholarship', 1);
INSERT INTO tbl_surveys (student_id, internet_access, digital_literacy, device_availability, study_hours) VALUES (26, 1, 4, 'Laptop', 6.0);
INSERT INTO tbl_academic_records (id, student_id, academic_year, semester, prelim_grade, midterm_grade, semi_final_grade, final_grade, attendance_rate, lab_score) VALUES (26, 26, '2023-2024', '1st Semester', 60.91, 64.76, 69.89, 57.14, 66.4, 79.92);
INSERT INTO tbl_predictions (student_id, academic_record_id, predicted_status, confidence, recommendation, risk_factors, feature_payload) VALUES (26, 26, 'Fail', 0.7695, 'Urgent intervention required. Consult with advisor immediately.', 'Low academic scores, Poor attendance rate', '{"prelim_grade": 60.91, "midterm_grade": 64.76, "semi_final_grade": 69.89, "final_grade": 57.14, "attendance_rate": 66.4, "lab_score": 79.92, "internet_access": 1, "digital_literacy": 4, "household_income": 27649, "working_student": 1}');

INSERT INTO tbl_students (id, student_no, full_name, year_level, section, gender, household_income, parental_education, scholarship_status, working_student) VALUES (27, '2024-10027', 'James Wilson', '1st Year', 'A', 'Male', 13368, 1, 'Full Scholarship', 0);
INSERT INTO tbl_surveys (student_id, internet_access, digital_literacy, device_availability, study_hours) VALUES (27, 1, 3, 'Smartphone', 5.4);
INSERT INTO tbl_academic_records (id, student_id, academic_year, semester, prelim_grade, midterm_grade, semi_final_grade, final_grade, attendance_rate, lab_score) VALUES (27, 27, '2023-2024', '1st Semester', 90.85, 88.3, 85.18, 88.56, 93.22, 81.65);
INSERT INTO tbl_predictions (student_id, academic_record_id, predicted_status, confidence, recommendation, risk_factors, feature_payload) VALUES (27, 27, 'Pass', 0.8138, 'Keep up the excellent work! Participate in advanced workshops.', 'High attendance, Strong academic performance', '{"prelim_grade": 90.85, "midterm_grade": 88.3, "semi_final_grade": 85.18, "final_grade": 88.56, "attendance_rate": 93.22, "lab_score": 81.65, "internet_access": 1, "digital_literacy": 3, "household_income": 13368, "working_student": 0}');

INSERT INTO tbl_students (id, student_no, full_name, year_level, section, gender, household_income, parental_education, scholarship_status, working_student) VALUES (28, '2024-10028', 'James Brown', '1st Year', 'B', 'Male', 41721, 1, 'None', 1);
INSERT INTO tbl_surveys (student_id, internet_access, digital_literacy, device_availability, study_hours) VALUES (28, 0, 2, 'Smartphone', 10.5);
INSERT INTO tbl_academic_records (id, student_id, academic_year, semester, prelim_grade, midterm_grade, semi_final_grade, final_grade, attendance_rate, lab_score) VALUES (28, 28, '2023-2024', '1st Semester', 83.57, 75.53, 74.48, 73.07, 81.72, 76.92);
INSERT INTO tbl_predictions (student_id, academic_record_id, predicted_status, confidence, recommendation, risk_factors, feature_payload) VALUES (28, 28, 'At-Risk', 0.8073, 'Attend peer tutoring and improve study habits.', 'Fluctuating grades, Moderate attendance', '{"prelim_grade": 83.57, "midterm_grade": 75.53, "semi_final_grade": 74.48, "final_grade": 73.07, "attendance_rate": 81.72, "lab_score": 76.92, "internet_access": 0, "digital_literacy": 2, "household_income": 41721, "working_student": 1}');

INSERT INTO tbl_students (id, student_no, full_name, year_level, section, gender, household_income, parental_education, scholarship_status, working_student) VALUES (29, '2024-10029', 'Donna Allen', '3rd Year', 'C', 'Male', 51822, 3, 'None', 1);
INSERT INTO tbl_surveys (student_id, internet_access, digital_literacy, device_availability, study_hours) VALUES (29, 1, 4, 'Laptop & Smartphone', 16.8);
INSERT INTO tbl_academic_records (id, student_id, academic_year, semester, prelim_grade, midterm_grade, semi_final_grade, final_grade, attendance_rate, lab_score) VALUES (29, 29, '2023-2024', '1st Semester', 73.26, 69.77, 58.48, 64.49, 60.28, 73.98);
INSERT INTO tbl_predictions (student_id, academic_record_id, predicted_status, confidence, recommendation, risk_factors, feature_payload) VALUES (29, 29, 'Fail', 0.7609, 'Urgent intervention required. Consult with advisor immediately.', 'Low academic scores, Poor attendance rate', '{"prelim_grade": 73.26, "midterm_grade": 69.77, "semi_final_grade": 58.48, "final_grade": 64.49, "attendance_rate": 60.28, "lab_score": 73.98, "internet_access": 1, "digital_literacy": 4, "household_income": 51822, "working_student": 1}');

INSERT INTO tbl_students (id, student_no, full_name, year_level, section, gender, household_income, parental_education, scholarship_status, working_student) VALUES (30, '2024-10030', 'William Lee', '4th Year', 'C', 'Male', 53579, 3, 'DOST Scholarship', 1);
INSERT INTO tbl_surveys (student_id, internet_access, digital_literacy, device_availability, study_hours) VALUES (30, 0, 2, 'Laptop', 18.4);
INSERT INTO tbl_academic_records (id, student_id, academic_year, semester, prelim_grade, midterm_grade, semi_final_grade, final_grade, attendance_rate, lab_score) VALUES (30, 30, '2023-2024', '1st Semester', 96.95, 96.52, 86.51, 85.33, 98.79, 93.35);
INSERT INTO tbl_predictions (student_id, academic_record_id, predicted_status, confidence, recommendation, risk_factors, feature_payload) VALUES (30, 30, 'Pass', 0.8827, 'Keep up the excellent work! Participate in advanced workshops.', 'High attendance, Strong academic performance', '{"prelim_grade": 96.95, "midterm_grade": 96.52, "semi_final_grade": 86.51, "final_grade": 85.33, "attendance_rate": 98.79, "lab_score": 93.35, "internet_access": 0, "digital_literacy": 2, "household_income": 53579, "working_student": 1}');

INSERT INTO tbl_students (id, student_no, full_name, year_level, section, gender, household_income, parental_education, scholarship_status, working_student) VALUES (31, '2024-10031', 'Mary Scott', '4th Year', 'D', 'Male', 44804, 3, 'Full Scholarship', 1);
INSERT INTO tbl_surveys (student_id, internet_access, digital_literacy, device_availability, study_hours) VALUES (31, 0, 5, 'Laptop & Smartphone', 14.2);
INSERT INTO tbl_academic_records (id, student_id, academic_year, semester, prelim_grade, midterm_grade, semi_final_grade, final_grade, attendance_rate, lab_score) VALUES (31, 31, '2023-2024', '1st Semester', 80.67, 77.39, 75.4, 76.51, 86.42, 86.52);
INSERT INTO tbl_predictions (student_id, academic_record_id, predicted_status, confidence, recommendation, risk_factors, feature_payload) VALUES (31, 31, 'At-Risk', 0.7054, 'Attend peer tutoring and improve study habits.', 'Fluctuating grades, Moderate attendance', '{"prelim_grade": 80.67, "midterm_grade": 77.39, "semi_final_grade": 75.4, "final_grade": 76.51, "attendance_rate": 86.42, "lab_score": 86.52, "internet_access": 0, "digital_literacy": 5, "household_income": 44804, "working_student": 1}');

INSERT INTO tbl_students (id, student_no, full_name, year_level, section, gender, household_income, parental_education, scholarship_status, working_student) VALUES (32, '2024-10032', 'Joshua Ramirez', '1st Year', 'D', 'Female', 28318, 4, 'DOST Scholarship', 1);
INSERT INTO tbl_surveys (student_id, internet_access, digital_literacy, device_availability, study_hours) VALUES (32, 1, 4, 'Laptop & Smartphone', 7.4);
INSERT INTO tbl_academic_records (id, student_id, academic_year, semester, prelim_grade, midterm_grade, semi_final_grade, final_grade, attendance_rate, lab_score) VALUES (32, 32, '2023-2024', '1st Semester', 65.7, 61.23, 61.36, 68.87, 61.5, 70.75);
INSERT INTO tbl_predictions (student_id, academic_record_id, predicted_status, confidence, recommendation, risk_factors, feature_payload) VALUES (32, 32, 'Fail', 0.7999, 'Urgent intervention required. Consult with advisor immediately.', 'Low academic scores, Poor attendance rate', '{"prelim_grade": 65.7, "midterm_grade": 61.23, "semi_final_grade": 61.36, "final_grade": 68.87, "attendance_rate": 61.5, "lab_score": 70.75, "internet_access": 1, "digital_literacy": 4, "household_income": 28318, "working_student": 1}');

INSERT INTO tbl_students (id, student_no, full_name, year_level, section, gender, household_income, parental_education, scholarship_status, working_student) VALUES (33, '2024-10033', 'John Carter', '3rd Year', 'B', 'Male', 57812, 1, 'None', 0);
INSERT INTO tbl_surveys (student_id, internet_access, digital_literacy, device_availability, study_hours) VALUES (33, 1, 5, 'Smartphone', 4.6);
INSERT INTO tbl_academic_records (id, student_id, academic_year, semester, prelim_grade, midterm_grade, semi_final_grade, final_grade, attendance_rate, lab_score) VALUES (33, 33, '2023-2024', '1st Semester', 88.26, 90.53, 89.77, 87.2, 97.48, 96.05);
INSERT INTO tbl_predictions (student_id, academic_record_id, predicted_status, confidence, recommendation, risk_factors, feature_payload) VALUES (33, 33, 'Pass', 0.8205, 'Keep up the excellent work! Participate in advanced workshops.', 'High attendance, Strong academic performance', '{"prelim_grade": 88.26, "midterm_grade": 90.53, "semi_final_grade": 89.77, "final_grade": 87.2, "attendance_rate": 97.48, "lab_score": 96.05, "internet_access": 1, "digital_literacy": 5, "household_income": 57812, "working_student": 0}');

INSERT INTO tbl_students (id, student_no, full_name, year_level, section, gender, household_income, parental_education, scholarship_status, working_student) VALUES (34, '2024-10034', 'Betty Allen', '2nd Year', 'C', 'Male', 24648, 2, 'DOST Scholarship', 1);
INSERT INTO tbl_surveys (student_id, internet_access, digital_literacy, device_availability, study_hours) VALUES (34, 0, 1, 'Tablet', 8.8);
INSERT INTO tbl_academic_records (id, student_id, academic_year, semester, prelim_grade, midterm_grade, semi_final_grade, final_grade, attendance_rate, lab_score) VALUES (34, 34, '2023-2024', '1st Semester', 78.8, 75.26, 74.73, 76.83, 82.98, 81.75);
INSERT INTO tbl_predictions (student_id, academic_record_id, predicted_status, confidence, recommendation, risk_factors, feature_payload) VALUES (34, 34, 'At-Risk', 0.8481, 'Attend peer tutoring and improve study habits.', 'Fluctuating grades, Moderate attendance', '{"prelim_grade": 78.8, "midterm_grade": 75.26, "semi_final_grade": 74.73, "final_grade": 76.83, "attendance_rate": 82.98, "lab_score": 81.75, "internet_access": 0, "digital_literacy": 1, "household_income": 24648, "working_student": 1}');

INSERT INTO tbl_students (id, student_no, full_name, year_level, section, gender, household_income, parental_education, scholarship_status, working_student) VALUES (35, '2024-10035', 'Elizabeth Rodriguez', '3rd Year', 'D', 'Male', 22572, 4, 'Full Scholarship', 0);
INSERT INTO tbl_surveys (student_id, internet_access, digital_literacy, device_availability, study_hours) VALUES (35, 0, 4, 'Smartphone', 18.1);
INSERT INTO tbl_academic_records (id, student_id, academic_year, semester, prelim_grade, midterm_grade, semi_final_grade, final_grade, attendance_rate, lab_score) VALUES (35, 35, '2023-2024', '1st Semester', 64.13, 71.21, 56.73, 69.36, 55.87, 82.56);
INSERT INTO tbl_predictions (student_id, academic_record_id, predicted_status, confidence, recommendation, risk_factors, feature_payload) VALUES (35, 35, 'Fail', 0.8806, 'Urgent intervention required. Consult with advisor immediately.', 'Low academic scores, Poor attendance rate', '{"prelim_grade": 64.13, "midterm_grade": 71.21, "semi_final_grade": 56.73, "final_grade": 69.36, "attendance_rate": 55.87, "lab_score": 82.56, "internet_access": 0, "digital_literacy": 4, "household_income": 22572, "working_student": 0}');

INSERT INTO tbl_students (id, student_no, full_name, year_level, section, gender, household_income, parental_education, scholarship_status, working_student) VALUES (36, '2024-10036', 'Matthew King', '4th Year', 'C', 'Female', 43205, 3, 'Partial Scholarship', 0);
INSERT INTO tbl_surveys (student_id, internet_access, digital_literacy, device_availability, study_hours) VALUES (36, 0, 4, 'Tablet', 11.0);
INSERT INTO tbl_academic_records (id, student_id, academic_year, semester, prelim_grade, midterm_grade, semi_final_grade, final_grade, attendance_rate, lab_score) VALUES (36, 36, '2023-2024', '1st Semester', 94.14, 92.38, 97.17, 93.99, 96.09, 93.77);
INSERT INTO tbl_predictions (student_id, academic_record_id, predicted_status, confidence, recommendation, risk_factors, feature_payload) VALUES (36, 36, 'Pass', 0.9124, 'Keep up the excellent work! Participate in advanced workshops.', 'High attendance, Strong academic performance', '{"prelim_grade": 94.14, "midterm_grade": 92.38, "semi_final_grade": 97.17, "final_grade": 93.99, "attendance_rate": 96.09, "lab_score": 93.77, "internet_access": 0, "digital_literacy": 4, "household_income": 43205, "working_student": 0}');

INSERT INTO tbl_students (id, student_no, full_name, year_level, section, gender, household_income, parental_education, scholarship_status, working_student) VALUES (37, '2024-10037', 'Betty Anderson', '1st Year', 'A', 'Male', 30122, 2, 'Partial Scholarship', 1);
INSERT INTO tbl_surveys (student_id, internet_access, digital_literacy, device_availability, study_hours) VALUES (37, 0, 5, 'Smartphone', 8.0);
INSERT INTO tbl_academic_records (id, student_id, academic_year, semester, prelim_grade, midterm_grade, semi_final_grade, final_grade, attendance_rate, lab_score) VALUES (37, 37, '2023-2024', '1st Semester', 80.79, 83.37, 72.69, 74.95, 88.79, 71.78);
INSERT INTO tbl_predictions (student_id, academic_record_id, predicted_status, confidence, recommendation, risk_factors, feature_payload) VALUES (37, 37, 'At-Risk', 0.6613, 'Attend peer tutoring and improve study habits.', 'Fluctuating grades, Moderate attendance', '{"prelim_grade": 80.79, "midterm_grade": 83.37, "semi_final_grade": 72.69, "final_grade": 74.95, "attendance_rate": 88.79, "lab_score": 71.78, "internet_access": 0, "digital_literacy": 5, "household_income": 30122, "working_student": 1}');

INSERT INTO tbl_students (id, student_no, full_name, year_level, section, gender, household_income, parental_education, scholarship_status, working_student) VALUES (38, '2024-10038', 'Christopher Nelson', '2nd Year', 'B', 'Male', 31390, 1, 'Full Scholarship', 1);
INSERT INTO tbl_surveys (student_id, internet_access, digital_literacy, device_availability, study_hours) VALUES (38, 1, 2, 'Smartphone', 17.2);
INSERT INTO tbl_academic_records (id, student_id, academic_year, semester, prelim_grade, midterm_grade, semi_final_grade, final_grade, attendance_rate, lab_score) VALUES (38, 38, '2023-2024', '1st Semester', 62.88, 64.08, 63.49, 56.81, 72.14, 100.0);
INSERT INTO tbl_predictions (student_id, academic_record_id, predicted_status, confidence, recommendation, risk_factors, feature_payload) VALUES (38, 38, 'Fail', 0.9106, 'Urgent intervention required. Consult with advisor immediately.', 'Low academic scores, Poor attendance rate', '{"prelim_grade": 62.88, "midterm_grade": 64.08, "semi_final_grade": 63.49, "final_grade": 56.81, "attendance_rate": 72.14, "lab_score": 100.0, "internet_access": 1, "digital_literacy": 2, "household_income": 31390, "working_student": 1}');

INSERT INTO tbl_students (id, student_no, full_name, year_level, section, gender, household_income, parental_education, scholarship_status, working_student) VALUES (39, '2024-10039', 'Jennifer Hall', '1st Year', 'A', 'Male', 21722, 3, 'DOST Scholarship', 1);
INSERT INTO tbl_surveys (student_id, internet_access, digital_literacy, device_availability, study_hours) VALUES (39, 1, 2, 'Laptop', 13.8);
INSERT INTO tbl_academic_records (id, student_id, academic_year, semester, prelim_grade, midterm_grade, semi_final_grade, final_grade, attendance_rate, lab_score) VALUES (39, 39, '2023-2024', '1st Semester', 96.41, 95.02, 86.79, 91.2, 95.18, 80.69);
INSERT INTO tbl_predictions (student_id, academic_record_id, predicted_status, confidence, recommendation, risk_factors, feature_payload) VALUES (39, 39, 'Pass', 0.9717, 'Keep up the excellent work! Participate in advanced workshops.', 'High attendance, Strong academic performance', '{"prelim_grade": 96.41, "midterm_grade": 95.02, "semi_final_grade": 86.79, "final_grade": 91.2, "attendance_rate": 95.18, "lab_score": 80.69, "internet_access": 1, "digital_literacy": 2, "household_income": 21722, "working_student": 1}');

INSERT INTO tbl_students (id, student_no, full_name, year_level, section, gender, household_income, parental_education, scholarship_status, working_student) VALUES (40, '2024-10040', 'Michael Green', '4th Year', 'A', 'Female', 25928, 3, 'Full Scholarship', 0);
INSERT INTO tbl_surveys (student_id, internet_access, digital_literacy, device_availability, study_hours) VALUES (40, 1, 4, 'Desktop', 19.5);
INSERT INTO tbl_academic_records (id, student_id, academic_year, semester, prelim_grade, midterm_grade, semi_final_grade, final_grade, attendance_rate, lab_score) VALUES (40, 40, '2023-2024', '1st Semester', 80.75, 75.25, 77.66, 74.36, 84.16, 71.56);
INSERT INTO tbl_predictions (student_id, academic_record_id, predicted_status, confidence, recommendation, risk_factors, feature_payload) VALUES (40, 40, 'At-Risk', 0.785, 'Attend peer tutoring and improve study habits.', 'Fluctuating grades, Moderate attendance', '{"prelim_grade": 80.75, "midterm_grade": 75.25, "semi_final_grade": 77.66, "final_grade": 74.36, "attendance_rate": 84.16, "lab_score": 71.56, "internet_access": 1, "digital_literacy": 4, "household_income": 25928, "working_student": 0}');

INSERT INTO tbl_students (id, student_no, full_name, year_level, section, gender, household_income, parental_education, scholarship_status, working_student) VALUES (41, '2024-10041', 'Anthony Campbell', '3rd Year', 'B', 'Female', 59336, 3, 'Partial Scholarship', 0);
INSERT INTO tbl_surveys (student_id, internet_access, digital_literacy, device_availability, study_hours) VALUES (41, 1, 2, 'Tablet', 13.2);
INSERT INTO tbl_academic_records (id, student_id, academic_year, semester, prelim_grade, midterm_grade, semi_final_grade, final_grade, attendance_rate, lab_score) VALUES (41, 41, '2023-2024', '1st Semester', 65.38, 61.98, 54.54, 55.41, 55.51, 93.31);
INSERT INTO tbl_predictions (student_id, academic_record_id, predicted_status, confidence, recommendation, risk_factors, feature_payload) VALUES (41, 41, 'Fail', 0.8788, 'Urgent intervention required. Consult with advisor immediately.', 'Low academic scores, Poor attendance rate', '{"prelim_grade": 65.38, "midterm_grade": 61.98, "semi_final_grade": 54.54, "final_grade": 55.41, "attendance_rate": 55.51, "lab_score": 93.31, "internet_access": 1, "digital_literacy": 2, "household_income": 59336, "working_student": 0}');

INSERT INTO tbl_students (id, student_no, full_name, year_level, section, gender, household_income, parental_education, scholarship_status, working_student) VALUES (42, '2024-10042', 'Steven Robinson', '3rd Year', 'D', 'Male', 12470, 1, 'DOST Scholarship', 0);
INSERT INTO tbl_surveys (student_id, internet_access, digital_literacy, device_availability, study_hours) VALUES (42, 1, 2, 'Laptop', 14.4);
INSERT INTO tbl_academic_records (id, student_id, academic_year, semester, prelim_grade, midterm_grade, semi_final_grade, final_grade, attendance_rate, lab_score) VALUES (42, 42, '2023-2024', '1st Semester', 95.69, 92.91, 90.17, 95.22, 93.08, 76.88);
INSERT INTO tbl_predictions (student_id, academic_record_id, predicted_status, confidence, recommendation, risk_factors, feature_payload) VALUES (42, 42, 'Pass', 0.9611, 'Keep up the excellent work! Participate in advanced workshops.', 'High attendance, Strong academic performance', '{"prelim_grade": 95.69, "midterm_grade": 92.91, "semi_final_grade": 90.17, "final_grade": 95.22, "attendance_rate": 93.08, "lab_score": 76.88, "internet_access": 1, "digital_literacy": 2, "household_income": 12470, "working_student": 0}');

INSERT INTO tbl_students (id, student_no, full_name, year_level, section, gender, household_income, parental_education, scholarship_status, working_student) VALUES (43, '2024-10043', 'Emily Flores', '4th Year', 'D', 'Female', 15976, 1, 'DOST Scholarship', 0);
INSERT INTO tbl_surveys (student_id, internet_access, digital_literacy, device_availability, study_hours) VALUES (43, 1, 2, 'Laptop & Smartphone', 7.5);
INSERT INTO tbl_academic_records (id, student_id, academic_year, semester, prelim_grade, midterm_grade, semi_final_grade, final_grade, attendance_rate, lab_score) VALUES (43, 43, '2023-2024', '1st Semester', 78.01, 79.0, 74.19, 74.46, 79.02, 94.82);
INSERT INTO tbl_predictions (student_id, academic_record_id, predicted_status, confidence, recommendation, risk_factors, feature_payload) VALUES (43, 43, 'At-Risk', 0.6418, 'Attend peer tutoring and improve study habits.', 'Fluctuating grades, Moderate attendance', '{"prelim_grade": 78.01, "midterm_grade": 79.0, "semi_final_grade": 74.19, "final_grade": 74.46, "attendance_rate": 79.02, "lab_score": 94.82, "internet_access": 1, "digital_literacy": 2, "household_income": 15976, "working_student": 0}');

INSERT INTO tbl_students (id, student_no, full_name, year_level, section, gender, household_income, parental_education, scholarship_status, working_student) VALUES (44, '2024-10044', 'Deborah Lopez', '1st Year', 'A', 'Male', 43327, 1, 'Partial Scholarship', 1);
INSERT INTO tbl_surveys (student_id, internet_access, digital_literacy, device_availability, study_hours) VALUES (44, 0, 1, 'Desktop', 12.1);
INSERT INTO tbl_academic_records (id, student_id, academic_year, semester, prelim_grade, midterm_grade, semi_final_grade, final_grade, attendance_rate, lab_score) VALUES (44, 44, '2023-2024', '1st Semester', 65.42, 68.96, 51.44, 67.3, 65.51, 89.01);
INSERT INTO tbl_predictions (student_id, academic_record_id, predicted_status, confidence, recommendation, risk_factors, feature_payload) VALUES (44, 44, 'Fail', 0.9225, 'Urgent intervention required. Consult with advisor immediately.', 'Low academic scores, Poor attendance rate', '{"prelim_grade": 65.42, "midterm_grade": 68.96, "semi_final_grade": 51.44, "final_grade": 67.3, "attendance_rate": 65.51, "lab_score": 89.01, "internet_access": 0, "digital_literacy": 1, "household_income": 43327, "working_student": 1}');

INSERT INTO tbl_students (id, student_no, full_name, year_level, section, gender, household_income, parental_education, scholarship_status, working_student) VALUES (45, '2024-10045', 'Mark Brown', '4th Year', 'C', 'Female', 63174, 5, 'Full Scholarship', 0);
INSERT INTO tbl_surveys (student_id, internet_access, digital_literacy, device_availability, study_hours) VALUES (45, 1, 5, 'Laptop', 11.3);
INSERT INTO tbl_academic_records (id, student_id, academic_year, semester, prelim_grade, midterm_grade, semi_final_grade, final_grade, attendance_rate, lab_score) VALUES (45, 45, '2023-2024', '1st Semester', 88.16, 87.42, 89.22, 90.41, 99.4, 88.43);
INSERT INTO tbl_predictions (student_id, academic_record_id, predicted_status, confidence, recommendation, risk_factors, feature_payload) VALUES (45, 45, 'Pass', 0.935, 'Keep up the excellent work! Participate in advanced workshops.', 'High attendance, Strong academic performance', '{"prelim_grade": 88.16, "midterm_grade": 87.42, "semi_final_grade": 89.22, "final_grade": 90.41, "attendance_rate": 99.4, "lab_score": 88.43, "internet_access": 1, "digital_literacy": 5, "household_income": 63174, "working_student": 0}');

INSERT INTO tbl_students (id, student_no, full_name, year_level, section, gender, household_income, parental_education, scholarship_status, working_student) VALUES (46, '2024-10046', 'Deborah Allen', '1st Year', 'A', 'Male', 50628, 1, 'Full Scholarship', 1);
INSERT INTO tbl_surveys (student_id, internet_access, digital_literacy, device_availability, study_hours) VALUES (46, 1, 4, 'Tablet', 11.5);
INSERT INTO tbl_academic_records (id, student_id, academic_year, semester, prelim_grade, midterm_grade, semi_final_grade, final_grade, attendance_rate, lab_score) VALUES (46, 46, '2023-2024', '1st Semester', 80.14, 79.37, 73.18, 73.61, 78.4, 85.93);
INSERT INTO tbl_predictions (student_id, academic_record_id, predicted_status, confidence, recommendation, risk_factors, feature_payload) VALUES (46, 46, 'At-Risk', 0.7597, 'Attend peer tutoring and improve study habits.', 'Fluctuating grades, Moderate attendance', '{"prelim_grade": 80.14, "midterm_grade": 79.37, "semi_final_grade": 73.18, "final_grade": 73.61, "attendance_rate": 78.4, "lab_score": 85.93, "internet_access": 1, "digital_literacy": 4, "household_income": 50628, "working_student": 1}');

INSERT INTO tbl_students (id, student_no, full_name, year_level, section, gender, household_income, parental_education, scholarship_status, working_student) VALUES (47, '2024-10047', 'James Brown', '1st Year', 'C', 'Female', 61081, 5, 'Partial Scholarship', 0);
INSERT INTO tbl_surveys (student_id, internet_access, digital_literacy, device_availability, study_hours) VALUES (47, 1, 2, 'Desktop', 19.1);
INSERT INTO tbl_academic_records (id, student_id, academic_year, semester, prelim_grade, midterm_grade, semi_final_grade, final_grade, attendance_rate, lab_score) VALUES (47, 47, '2023-2024', '1st Semester', 62.6, 62.76, 67.39, 55.18, 64.92, 68.86);
INSERT INTO tbl_predictions (student_id, academic_record_id, predicted_status, confidence, recommendation, risk_factors, feature_payload) VALUES (47, 47, 'Fail', 0.8788, 'Urgent intervention required. Consult with advisor immediately.', 'Low academic scores, Poor attendance rate', '{"prelim_grade": 62.6, "midterm_grade": 62.76, "semi_final_grade": 67.39, "final_grade": 55.18, "attendance_rate": 64.92, "lab_score": 68.86, "internet_access": 1, "digital_literacy": 2, "household_income": 61081, "working_student": 0}');

INSERT INTO tbl_students (id, student_no, full_name, year_level, section, gender, household_income, parental_education, scholarship_status, working_student) VALUES (48, '2024-10048', 'Kevin Hill', '4th Year', 'A', 'Female', 54112, 2, 'None', 1);
INSERT INTO tbl_surveys (student_id, internet_access, digital_literacy, device_availability, study_hours) VALUES (48, 0, 1, 'Smartphone', 6.3);
INSERT INTO tbl_academic_records (id, student_id, academic_year, semester, prelim_grade, midterm_grade, semi_final_grade, final_grade, attendance_rate, lab_score) VALUES (48, 48, '2023-2024', '1st Semester', 89.49, 94.78, 92.17, 93.36, 95.32, 60.71);
INSERT INTO tbl_predictions (student_id, academic_record_id, predicted_status, confidence, recommendation, risk_factors, feature_payload) VALUES (48, 48, 'Pass', 0.9461, 'Keep up the excellent work! Participate in advanced workshops.', 'High attendance, Strong academic performance', '{"prelim_grade": 89.49, "midterm_grade": 94.78, "semi_final_grade": 92.17, "final_grade": 93.36, "attendance_rate": 95.32, "lab_score": 60.71, "internet_access": 0, "digital_literacy": 1, "household_income": 54112, "working_student": 1}');

INSERT INTO tbl_students (id, student_no, full_name, year_level, section, gender, household_income, parental_education, scholarship_status, working_student) VALUES (49, '2024-10049', 'Betty Johnson', '1st Year', 'C', 'Female', 47185, 1, 'DOST Scholarship', 1);
INSERT INTO tbl_surveys (student_id, internet_access, digital_literacy, device_availability, study_hours) VALUES (49, 1, 5, 'Laptop & Smartphone', 19.3);
INSERT INTO tbl_academic_records (id, student_id, academic_year, semester, prelim_grade, midterm_grade, semi_final_grade, final_grade, attendance_rate, lab_score) VALUES (49, 49, '2023-2024', '1st Semester', 80.87, 79.08, 76.54, 78.51, 79.31, 70.25);
INSERT INTO tbl_predictions (student_id, academic_record_id, predicted_status, confidence, recommendation, risk_factors, feature_payload) VALUES (49, 49, 'At-Risk', 0.7618, 'Attend peer tutoring and improve study habits.', 'Fluctuating grades, Moderate attendance', '{"prelim_grade": 80.87, "midterm_grade": 79.08, "semi_final_grade": 76.54, "final_grade": 78.51, "attendance_rate": 79.31, "lab_score": 70.25, "internet_access": 1, "digital_literacy": 5, "household_income": 47185, "working_student": 1}');

INSERT INTO tbl_students (id, student_no, full_name, year_level, section, gender, household_income, parental_education, scholarship_status, working_student) VALUES (50, '2024-10050', 'Melissa Perez', '2nd Year', 'D', 'Male', 60415, 5, 'None', 0);
INSERT INTO tbl_surveys (student_id, internet_access, digital_literacy, device_availability, study_hours) VALUES (50, 1, 3, 'Laptop & Smartphone', 2.3);
INSERT INTO tbl_academic_records (id, student_id, academic_year, semester, prelim_grade, midterm_grade, semi_final_grade, final_grade, attendance_rate, lab_score) VALUES (50, 50, '2023-2024', '1st Semester', 73.8, 62.46, 57.69, 66.92, 60.01, 77.6);
INSERT INTO tbl_predictions (student_id, academic_record_id, predicted_status, confidence, recommendation, risk_factors, feature_payload) VALUES (50, 50, 'Fail', 0.9404, 'Urgent intervention required. Consult with advisor immediately.', 'Low academic scores, Poor attendance rate', '{"prelim_grade": 73.8, "midterm_grade": 62.46, "semi_final_grade": 57.69, "final_grade": 66.92, "attendance_rate": 60.01, "lab_score": 77.6, "internet_access": 1, "digital_literacy": 3, "household_income": 60415, "working_student": 0}');

INSERT INTO tbl_students (id, student_no, full_name, year_level, section, gender, household_income, parental_education, scholarship_status, working_student) VALUES (51, '2024-10051', 'Timothy Brown', '1st Year', 'A', 'Female', 51674, 4, 'Partial Scholarship', 0);
INSERT INTO tbl_surveys (student_id, internet_access, digital_literacy, device_availability, study_hours) VALUES (51, 1, 3, 'Smartphone', 11.6);
INSERT INTO tbl_academic_records (id, student_id, academic_year, semester, prelim_grade, midterm_grade, semi_final_grade, final_grade, attendance_rate, lab_score) VALUES (51, 51, '2023-2024', '1st Semester', 94.07, 92.68, 92.32, 91.21, 98.21, 98.3);
INSERT INTO tbl_predictions (student_id, academic_record_id, predicted_status, confidence, recommendation, risk_factors, feature_payload) VALUES (51, 51, 'Pass', 0.8715, 'Keep up the excellent work! Participate in advanced workshops.', 'High attendance, Strong academic performance', '{"prelim_grade": 94.07, "midterm_grade": 92.68, "semi_final_grade": 92.32, "final_grade": 91.21, "attendance_rate": 98.21, "lab_score": 98.3, "internet_access": 1, "digital_literacy": 3, "household_income": 51674, "working_student": 0}');

INSERT INTO tbl_students (id, student_no, full_name, year_level, section, gender, household_income, parental_education, scholarship_status, working_student) VALUES (52, '2024-10052', 'Andrew Gonzalez', '2nd Year', 'D', 'Female', 26980, 1, 'Partial Scholarship', 0);
INSERT INTO tbl_surveys (student_id, internet_access, digital_literacy, device_availability, study_hours) VALUES (52, 0, 2, 'Tablet', 8.7);
INSERT INTO tbl_academic_records (id, student_id, academic_year, semester, prelim_grade, midterm_grade, semi_final_grade, final_grade, attendance_rate, lab_score) VALUES (52, 52, '2023-2024', '1st Semester', 76.24, 80.89, 74.39, 78.78, 79.76, 76.92);
INSERT INTO tbl_predictions (student_id, academic_record_id, predicted_status, confidence, recommendation, risk_factors, feature_payload) VALUES (52, 52, 'At-Risk', 0.6504, 'Attend peer tutoring and improve study habits.', 'Fluctuating grades, Moderate attendance', '{"prelim_grade": 76.24, "midterm_grade": 80.89, "semi_final_grade": 74.39, "final_grade": 78.78, "attendance_rate": 79.76, "lab_score": 76.92, "internet_access": 0, "digital_literacy": 2, "household_income": 26980, "working_student": 0}');

INSERT INTO tbl_students (id, student_no, full_name, year_level, section, gender, household_income, parental_education, scholarship_status, working_student) VALUES (53, '2024-10053', 'Amanda Allen', '4th Year', 'D', 'Female', 14493, 1, 'Partial Scholarship', 1);
INSERT INTO tbl_surveys (student_id, internet_access, digital_literacy, device_availability, study_hours) VALUES (53, 0, 4, 'Smartphone', 15.6);
INSERT INTO tbl_academic_records (id, student_id, academic_year, semester, prelim_grade, midterm_grade, semi_final_grade, final_grade, attendance_rate, lab_score) VALUES (53, 53, '2023-2024', '1st Semester', 68.6, 61.5, 59.2, 58.75, 65.08, 85.13);
INSERT INTO tbl_predictions (student_id, academic_record_id, predicted_status, confidence, recommendation, risk_factors, feature_payload) VALUES (53, 53, 'Fail', 0.9084, 'Urgent intervention required. Consult with advisor immediately.', 'Low academic scores, Poor attendance rate', '{"prelim_grade": 68.6, "midterm_grade": 61.5, "semi_final_grade": 59.2, "final_grade": 58.75, "attendance_rate": 65.08, "lab_score": 85.13, "internet_access": 0, "digital_literacy": 4, "household_income": 14493, "working_student": 1}');

INSERT INTO tbl_students (id, student_no, full_name, year_level, section, gender, household_income, parental_education, scholarship_status, working_student) VALUES (54, '2024-10054', 'Donna Hernandez', '3rd Year', 'A', 'Female', 44906, 1, 'DOST Scholarship', 0);
INSERT INTO tbl_surveys (student_id, internet_access, digital_literacy, device_availability, study_hours) VALUES (54, 0, 4, 'Desktop', 8.9);
INSERT INTO tbl_academic_records (id, student_id, academic_year, semester, prelim_grade, midterm_grade, semi_final_grade, final_grade, attendance_rate, lab_score) VALUES (54, 54, '2023-2024', '1st Semester', 97.48, 88.16, 88.5, 95.65, 98.29, 98.03);
INSERT INTO tbl_predictions (student_id, academic_record_id, predicted_status, confidence, recommendation, risk_factors, feature_payload) VALUES (54, 54, 'Pass', 0.8044, 'Keep up the excellent work! Participate in advanced workshops.', 'High attendance, Strong academic performance', '{"prelim_grade": 97.48, "midterm_grade": 88.16, "semi_final_grade": 88.5, "final_grade": 95.65, "attendance_rate": 98.29, "lab_score": 98.03, "internet_access": 0, "digital_literacy": 4, "household_income": 44906, "working_student": 0}');

INSERT INTO tbl_students (id, student_no, full_name, year_level, section, gender, household_income, parental_education, scholarship_status, working_student) VALUES (55, '2024-10055', 'Daniel Anderson', '3rd Year', 'C', 'Female', 45861, 4, 'Partial Scholarship', 0);
INSERT INTO tbl_surveys (student_id, internet_access, digital_literacy, device_availability, study_hours) VALUES (55, 1, 4, 'Laptop & Smartphone', 5.0);
INSERT INTO tbl_academic_records (id, student_id, academic_year, semester, prelim_grade, midterm_grade, semi_final_grade, final_grade, attendance_rate, lab_score) VALUES (55, 55, '2023-2024', '1st Semester', 77.82, 79.79, 75.1, 72.67, 83.41, 81.25);
INSERT INTO tbl_predictions (student_id, academic_record_id, predicted_status, confidence, recommendation, risk_factors, feature_payload) VALUES (55, 55, 'At-Risk', 0.8494, 'Attend peer tutoring and improve study habits.', 'Fluctuating grades, Moderate attendance', '{"prelim_grade": 77.82, "midterm_grade": 79.79, "semi_final_grade": 75.1, "final_grade": 72.67, "attendance_rate": 83.41, "lab_score": 81.25, "internet_access": 1, "digital_literacy": 4, "household_income": 45861, "working_student": 0}');

INSERT INTO tbl_students (id, student_no, full_name, year_level, section, gender, household_income, parental_education, scholarship_status, working_student) VALUES (56, '2024-10056', 'John Johnson', '1st Year', 'B', 'Female', 59416, 5, 'None', 1);
INSERT INTO tbl_surveys (student_id, internet_access, digital_literacy, device_availability, study_hours) VALUES (56, 0, 3, 'Smartphone', 4.8);
INSERT INTO tbl_academic_records (id, student_id, academic_year, semester, prelim_grade, midterm_grade, semi_final_grade, final_grade, attendance_rate, lab_score) VALUES (56, 56, '2023-2024', '1st Semester', 64.43, 63.57, 58.89, 63.87, 56.7, 73.7);
INSERT INTO tbl_predictions (student_id, academic_record_id, predicted_status, confidence, recommendation, risk_factors, feature_payload) VALUES (56, 56, 'Fail', 0.8299, 'Urgent intervention required. Consult with advisor immediately.', 'Low academic scores, Poor attendance rate', '{"prelim_grade": 64.43, "midterm_grade": 63.57, "semi_final_grade": 58.89, "final_grade": 63.87, "attendance_rate": 56.7, "lab_score": 73.7, "internet_access": 0, "digital_literacy": 3, "household_income": 59416, "working_student": 1}');

INSERT INTO tbl_students (id, student_no, full_name, year_level, section, gender, household_income, parental_education, scholarship_status, working_student) VALUES (57, '2024-10057', 'Richard Roberts', '2nd Year', 'C', 'Male', 39927, 5, 'Partial Scholarship', 1);
INSERT INTO tbl_surveys (student_id, internet_access, digital_literacy, device_availability, study_hours) VALUES (57, 0, 3, 'Tablet', 8.6);
INSERT INTO tbl_academic_records (id, student_id, academic_year, semester, prelim_grade, midterm_grade, semi_final_grade, final_grade, attendance_rate, lab_score) VALUES (57, 57, '2023-2024', '1st Semester', 92.56, 85.76, 97.96, 90.25, 98.25, 83.07);
INSERT INTO tbl_predictions (student_id, academic_record_id, predicted_status, confidence, recommendation, risk_factors, feature_payload) VALUES (57, 57, 'Pass', 0.9468, 'Keep up the excellent work! Participate in advanced workshops.', 'High attendance, Strong academic performance', '{"prelim_grade": 92.56, "midterm_grade": 85.76, "semi_final_grade": 97.96, "final_grade": 90.25, "attendance_rate": 98.25, "lab_score": 83.07, "internet_access": 0, "digital_literacy": 3, "household_income": 39927, "working_student": 1}');

INSERT INTO tbl_students (id, student_no, full_name, year_level, section, gender, household_income, parental_education, scholarship_status, working_student) VALUES (58, '2024-10058', 'Kimberly Jackson', '2nd Year', 'B', 'Female', 18004, 5, 'DOST Scholarship', 1);
INSERT INTO tbl_surveys (student_id, internet_access, digital_literacy, device_availability, study_hours) VALUES (58, 1, 1, 'Tablet', 6.3);
INSERT INTO tbl_academic_records (id, student_id, academic_year, semester, prelim_grade, midterm_grade, semi_final_grade, final_grade, attendance_rate, lab_score) VALUES (58, 58, '2023-2024', '1st Semester', 81.51, 82.92, 77.98, 79.28, 75.12, 87.43);
INSERT INTO tbl_predictions (student_id, academic_record_id, predicted_status, confidence, recommendation, risk_factors, feature_payload) VALUES (58, 58, 'At-Risk', 0.683, 'Attend peer tutoring and improve study habits.', 'Fluctuating grades, Moderate attendance', '{"prelim_grade": 81.51, "midterm_grade": 82.92, "semi_final_grade": 77.98, "final_grade": 79.28, "attendance_rate": 75.12, "lab_score": 87.43, "internet_access": 1, "digital_literacy": 1, "household_income": 18004, "working_student": 1}');

INSERT INTO tbl_students (id, student_no, full_name, year_level, section, gender, household_income, parental_education, scholarship_status, working_student) VALUES (59, '2024-10059', 'Charles Rivera', '3rd Year', 'B', 'Female', 21324, 4, 'DOST Scholarship', 1);
INSERT INTO tbl_surveys (student_id, internet_access, digital_literacy, device_availability, study_hours) VALUES (59, 1, 1, 'Desktop', 9.6);
INSERT INTO tbl_academic_records (id, student_id, academic_year, semester, prelim_grade, midterm_grade, semi_final_grade, final_grade, attendance_rate, lab_score) VALUES (59, 59, '2023-2024', '1st Semester', 66.25, 71.56, 62.55, 67.64, 71.78, 61.12);
INSERT INTO tbl_predictions (student_id, academic_record_id, predicted_status, confidence, recommendation, risk_factors, feature_payload) VALUES (59, 59, 'Fail', 0.9285, 'Urgent intervention required. Consult with advisor immediately.', 'Low academic scores, Poor attendance rate', '{"prelim_grade": 66.25, "midterm_grade": 71.56, "semi_final_grade": 62.55, "final_grade": 67.64, "attendance_rate": 71.78, "lab_score": 61.12, "internet_access": 1, "digital_literacy": 1, "household_income": 21324, "working_student": 1}');

INSERT INTO tbl_students (id, student_no, full_name, year_level, section, gender, household_income, parental_education, scholarship_status, working_student) VALUES (60, '2024-10060', 'Andrew Anderson', '2nd Year', 'C', 'Female', 13898, 1, 'DOST Scholarship', 0);
INSERT INTO tbl_surveys (student_id, internet_access, digital_literacy, device_availability, study_hours) VALUES (60, 0, 5, 'Smartphone', 10.4);
INSERT INTO tbl_academic_records (id, student_id, academic_year, semester, prelim_grade, midterm_grade, semi_final_grade, final_grade, attendance_rate, lab_score) VALUES (60, 60, '2023-2024', '1st Semester', 86.28, 93.14, 88.3, 89.82, 97.96, 73.08);
INSERT INTO tbl_predictions (student_id, academic_record_id, predicted_status, confidence, recommendation, risk_factors, feature_payload) VALUES (60, 60, 'Pass', 0.8036, 'Keep up the excellent work! Participate in advanced workshops.', 'High attendance, Strong academic performance', '{"prelim_grade": 86.28, "midterm_grade": 93.14, "semi_final_grade": 88.3, "final_grade": 89.82, "attendance_rate": 97.96, "lab_score": 73.08, "internet_access": 0, "digital_literacy": 5, "household_income": 13898, "working_student": 0}');

INSERT INTO tbl_students (id, student_no, full_name, year_level, section, gender, household_income, parental_education, scholarship_status, working_student) VALUES (61, '2024-10061', 'Steven Walker', '2nd Year', 'A', 'Male', 23107, 5, 'DOST Scholarship', 0);
INSERT INTO tbl_surveys (student_id, internet_access, digital_literacy, device_availability, study_hours) VALUES (61, 1, 1, 'Laptop & Smartphone', 4.1);
INSERT INTO tbl_academic_records (id, student_id, academic_year, semester, prelim_grade, midterm_grade, semi_final_grade, final_grade, attendance_rate, lab_score) VALUES (61, 61, '2023-2024', '1st Semester', 76.18, 80.13, 74.54, 71.55, 79.11, 86.49);
INSERT INTO tbl_predictions (student_id, academic_record_id, predicted_status, confidence, recommendation, risk_factors, feature_payload) VALUES (61, 61, 'At-Risk', 0.69, 'Attend peer tutoring and improve study habits.', 'Fluctuating grades, Moderate attendance', '{"prelim_grade": 76.18, "midterm_grade": 80.13, "semi_final_grade": 74.54, "final_grade": 71.55, "attendance_rate": 79.11, "lab_score": 86.49, "internet_access": 1, "digital_literacy": 1, "household_income": 23107, "working_student": 0}');

INSERT INTO tbl_students (id, student_no, full_name, year_level, section, gender, household_income, parental_education, scholarship_status, working_student) VALUES (62, '2024-10062', 'Joseph Rivera', '4th Year', 'D', 'Male', 59722, 1, 'Partial Scholarship', 1);
INSERT INTO tbl_surveys (student_id, internet_access, digital_literacy, device_availability, study_hours) VALUES (62, 1, 5, 'Laptop', 9.2);
INSERT INTO tbl_academic_records (id, student_id, academic_year, semester, prelim_grade, midterm_grade, semi_final_grade, final_grade, attendance_rate, lab_score) VALUES (62, 62, '2023-2024', '1st Semester', 61.95, 60.55, 67.63, 50.24, 58.46, 72.97);
INSERT INTO tbl_predictions (student_id, academic_record_id, predicted_status, confidence, recommendation, risk_factors, feature_payload) VALUES (62, 62, 'Fail', 0.7314, 'Urgent intervention required. Consult with advisor immediately.', 'Low academic scores, Poor attendance rate', '{"prelim_grade": 61.95, "midterm_grade": 60.55, "semi_final_grade": 67.63, "final_grade": 50.24, "attendance_rate": 58.46, "lab_score": 72.97, "internet_access": 1, "digital_literacy": 5, "household_income": 59722, "working_student": 1}');

INSERT INTO tbl_students (id, student_no, full_name, year_level, section, gender, household_income, parental_education, scholarship_status, working_student) VALUES (63, '2024-10063', 'Andrew Wilson', '3rd Year', 'C', 'Female', 35463, 2, 'Partial Scholarship', 0);
INSERT INTO tbl_surveys (student_id, internet_access, digital_literacy, device_availability, study_hours) VALUES (63, 1, 3, 'Laptop & Smartphone', 15.2);
INSERT INTO tbl_academic_records (id, student_id, academic_year, semester, prelim_grade, midterm_grade, semi_final_grade, final_grade, attendance_rate, lab_score) VALUES (63, 63, '2023-2024', '1st Semester', 92.11, 96.02, 91.02, 91.63, 95.11, 71.74);
INSERT INTO tbl_predictions (student_id, academic_record_id, predicted_status, confidence, recommendation, risk_factors, feature_payload) VALUES (63, 63, 'Pass', 0.8504, 'Keep up the excellent work! Participate in advanced workshops.', 'High attendance, Strong academic performance', '{"prelim_grade": 92.11, "midterm_grade": 96.02, "semi_final_grade": 91.02, "final_grade": 91.63, "attendance_rate": 95.11, "lab_score": 71.74, "internet_access": 1, "digital_literacy": 3, "household_income": 35463, "working_student": 0}');

INSERT INTO tbl_students (id, student_no, full_name, year_level, section, gender, household_income, parental_education, scholarship_status, working_student) VALUES (64, '2024-10064', 'James Hill', '1st Year', 'D', 'Female', 54055, 3, 'None', 1);
INSERT INTO tbl_surveys (student_id, internet_access, digital_literacy, device_availability, study_hours) VALUES (64, 0, 3, 'Smartphone', 6.9);
INSERT INTO tbl_academic_records (id, student_id, academic_year, semester, prelim_grade, midterm_grade, semi_final_grade, final_grade, attendance_rate, lab_score) VALUES (64, 64, '2023-2024', '1st Semester', 83.63, 75.11, 75.59, 74.87, 75.51, 95.65);
INSERT INTO tbl_predictions (student_id, academic_record_id, predicted_status, confidence, recommendation, risk_factors, feature_payload) VALUES (64, 64, 'At-Risk', 0.7804, 'Attend peer tutoring and improve study habits.', 'Fluctuating grades, Moderate attendance', '{"prelim_grade": 83.63, "midterm_grade": 75.11, "semi_final_grade": 75.59, "final_grade": 74.87, "attendance_rate": 75.51, "lab_score": 95.65, "internet_access": 0, "digital_literacy": 3, "household_income": 54055, "working_student": 1}');

INSERT INTO tbl_students (id, student_no, full_name, year_level, section, gender, household_income, parental_education, scholarship_status, working_student) VALUES (65, '2024-10065', 'Margaret Hall', '2nd Year', 'D', 'Female', 10145, 1, 'Partial Scholarship', 1);
INSERT INTO tbl_surveys (student_id, internet_access, digital_literacy, device_availability, study_hours) VALUES (65, 0, 2, 'Smartphone', 2.5);
INSERT INTO tbl_academic_records (id, student_id, academic_year, semester, prelim_grade, midterm_grade, semi_final_grade, final_grade, attendance_rate, lab_score) VALUES (65, 65, '2023-2024', '1st Semester', 68.72, 73.61, 66.28, 58.69, 73.5, 80.67);
INSERT INTO tbl_predictions (student_id, academic_record_id, predicted_status, confidence, recommendation, risk_factors, feature_payload) VALUES (65, 65, 'Fail', 0.7725, 'Urgent intervention required. Consult with advisor immediately.', 'Low academic scores, Poor attendance rate', '{"prelim_grade": 68.72, "midterm_grade": 73.61, "semi_final_grade": 66.28, "final_grade": 58.69, "attendance_rate": 73.5, "lab_score": 80.67, "internet_access": 0, "digital_literacy": 2, "household_income": 10145, "working_student": 1}');

INSERT INTO tbl_students (id, student_no, full_name, year_level, section, gender, household_income, parental_education, scholarship_status, working_student) VALUES (66, '2024-10066', 'Christopher Scott', '4th Year', 'B', 'Male', 17714, 2, 'Full Scholarship', 0);
INSERT INTO tbl_surveys (student_id, internet_access, digital_literacy, device_availability, study_hours) VALUES (66, 1, 5, 'Tablet', 9.4);
INSERT INTO tbl_academic_records (id, student_id, academic_year, semester, prelim_grade, midterm_grade, semi_final_grade, final_grade, attendance_rate, lab_score) VALUES (66, 66, '2023-2024', '1st Semester', 88.06, 92.69, 90.03, 91.3, 91.03, 82.94);
INSERT INTO tbl_predictions (student_id, academic_record_id, predicted_status, confidence, recommendation, risk_factors, feature_payload) VALUES (66, 66, 'Pass', 0.8989, 'Keep up the excellent work! Participate in advanced workshops.', 'High attendance, Strong academic performance', '{"prelim_grade": 88.06, "midterm_grade": 92.69, "semi_final_grade": 90.03, "final_grade": 91.3, "attendance_rate": 91.03, "lab_score": 82.94, "internet_access": 1, "digital_literacy": 5, "household_income": 17714, "working_student": 0}');

INSERT INTO tbl_students (id, student_no, full_name, year_level, section, gender, household_income, parental_education, scholarship_status, working_student) VALUES (67, '2024-10067', 'Sarah Hernandez', '4th Year', 'C', 'Male', 17678, 5, 'Full Scholarship', 1);
INSERT INTO tbl_surveys (student_id, internet_access, digital_literacy, device_availability, study_hours) VALUES (67, 1, 2, 'Laptop & Smartphone', 11.3);
INSERT INTO tbl_academic_records (id, student_id, academic_year, semester, prelim_grade, midterm_grade, semi_final_grade, final_grade, attendance_rate, lab_score) VALUES (67, 67, '2023-2024', '1st Semester', 82.04, 80.71, 70.57, 76.64, 83.13, 82.39);
INSERT INTO tbl_predictions (student_id, academic_record_id, predicted_status, confidence, recommendation, risk_factors, feature_payload) VALUES (67, 67, 'At-Risk', 0.6456, 'Attend peer tutoring and improve study habits.', 'Fluctuating grades, Moderate attendance', '{"prelim_grade": 82.04, "midterm_grade": 80.71, "semi_final_grade": 70.57, "final_grade": 76.64, "attendance_rate": 83.13, "lab_score": 82.39, "internet_access": 1, "digital_literacy": 2, "household_income": 17678, "working_student": 1}');

INSERT INTO tbl_students (id, student_no, full_name, year_level, section, gender, household_income, parental_education, scholarship_status, working_student) VALUES (68, '2024-10068', 'Deborah Hall', '2nd Year', 'C', 'Female', 39338, 5, 'None', 1);
INSERT INTO tbl_surveys (student_id, internet_access, digital_literacy, device_availability, study_hours) VALUES (68, 0, 4, 'Desktop', 19.1);
INSERT INTO tbl_academic_records (id, student_id, academic_year, semester, prelim_grade, midterm_grade, semi_final_grade, final_grade, attendance_rate, lab_score) VALUES (68, 68, '2023-2024', '1st Semester', 72.04, 68.57, 65.71, 64.04, 62.38, 66.27);
INSERT INTO tbl_predictions (student_id, academic_record_id, predicted_status, confidence, recommendation, risk_factors, feature_payload) VALUES (68, 68, 'Fail', 0.837, 'Urgent intervention required. Consult with advisor immediately.', 'Low academic scores, Poor attendance rate', '{"prelim_grade": 72.04, "midterm_grade": 68.57, "semi_final_grade": 65.71, "final_grade": 64.04, "attendance_rate": 62.38, "lab_score": 66.27, "internet_access": 0, "digital_literacy": 4, "household_income": 39338, "working_student": 1}');

INSERT INTO tbl_students (id, student_no, full_name, year_level, section, gender, household_income, parental_education, scholarship_status, working_student) VALUES (69, '2024-10069', 'Emily Walker', '4th Year', 'D', 'Female', 31649, 5, 'Partial Scholarship', 0);
INSERT INTO tbl_surveys (student_id, internet_access, digital_literacy, device_availability, study_hours) VALUES (69, 0, 1, 'Smartphone', 13.9);
INSERT INTO tbl_academic_records (id, student_id, academic_year, semester, prelim_grade, midterm_grade, semi_final_grade, final_grade, attendance_rate, lab_score) VALUES (69, 69, '2023-2024', '1st Semester', 89.91, 91.78, 91.13, 91.42, 94.69, 76.74);
INSERT INTO tbl_predictions (student_id, academic_record_id, predicted_status, confidence, recommendation, risk_factors, feature_payload) VALUES (69, 69, 'Pass', 0.8206, 'Keep up the excellent work! Participate in advanced workshops.', 'High attendance, Strong academic performance', '{"prelim_grade": 89.91, "midterm_grade": 91.78, "semi_final_grade": 91.13, "final_grade": 91.42, "attendance_rate": 94.69, "lab_score": 76.74, "internet_access": 0, "digital_literacy": 1, "household_income": 31649, "working_student": 0}');

INSERT INTO tbl_students (id, student_no, full_name, year_level, section, gender, household_income, parental_education, scholarship_status, working_student) VALUES (70, '2024-10070', 'Thomas Sanchez', '3rd Year', 'D', 'Female', 17090, 3, 'Partial Scholarship', 0);
INSERT INTO tbl_surveys (student_id, internet_access, digital_literacy, device_availability, study_hours) VALUES (70, 1, 4, 'Tablet', 15.7);
INSERT INTO tbl_academic_records (id, student_id, academic_year, semester, prelim_grade, midterm_grade, semi_final_grade, final_grade, attendance_rate, lab_score) VALUES (70, 70, '2023-2024', '1st Semester', 79.6, 83.76, 72.69, 70.38, 87.12, 96.21);
INSERT INTO tbl_predictions (student_id, academic_record_id, predicted_status, confidence, recommendation, risk_factors, feature_payload) VALUES (70, 70, 'At-Risk', 0.827, 'Attend peer tutoring and improve study habits.', 'Fluctuating grades, Moderate attendance', '{"prelim_grade": 79.6, "midterm_grade": 83.76, "semi_final_grade": 72.69, "final_grade": 70.38, "attendance_rate": 87.12, "lab_score": 96.21, "internet_access": 1, "digital_literacy": 4, "household_income": 17090, "working_student": 0}');

INSERT INTO tbl_students (id, student_no, full_name, year_level, section, gender, household_income, parental_education, scholarship_status, working_student) VALUES (71, '2024-10071', 'John Baker', '4th Year', 'C', 'Female', 34979, 1, 'None', 1);
INSERT INTO tbl_surveys (student_id, internet_access, digital_literacy, device_availability, study_hours) VALUES (71, 0, 4, 'Tablet', 11.2);
INSERT INTO tbl_academic_records (id, student_id, academic_year, semester, prelim_grade, midterm_grade, semi_final_grade, final_grade, attendance_rate, lab_score) VALUES (71, 71, '2023-2024', '1st Semester', 69.14, 66.19, 55.72, 68.91, 62.98, 87.86);
INSERT INTO tbl_predictions (student_id, academic_record_id, predicted_status, confidence, recommendation, risk_factors, feature_payload) VALUES (71, 71, 'Fail', 0.834, 'Urgent intervention required. Consult with advisor immediately.', 'Low academic scores, Poor attendance rate', '{"prelim_grade": 69.14, "midterm_grade": 66.19, "semi_final_grade": 55.72, "final_grade": 68.91, "attendance_rate": 62.98, "lab_score": 87.86, "internet_access": 0, "digital_literacy": 4, "household_income": 34979, "working_student": 1}');

INSERT INTO tbl_students (id, student_no, full_name, year_level, section, gender, household_income, parental_education, scholarship_status, working_student) VALUES (72, '2024-10072', 'Christopher Carter', '2nd Year', 'A', 'Male', 48279, 4, 'None', 1);
INSERT INTO tbl_surveys (student_id, internet_access, digital_literacy, device_availability, study_hours) VALUES (72, 1, 2, 'Laptop & Smartphone', 14.6);
INSERT INTO tbl_academic_records (id, student_id, academic_year, semester, prelim_grade, midterm_grade, semi_final_grade, final_grade, attendance_rate, lab_score) VALUES (72, 72, '2023-2024', '1st Semester', 92.77, 94.96, 95.61, 88.55, 95.53, 61.35);
INSERT INTO tbl_predictions (student_id, academic_record_id, predicted_status, confidence, recommendation, risk_factors, feature_payload) VALUES (72, 72, 'Pass', 0.9215, 'Keep up the excellent work! Participate in advanced workshops.', 'High attendance, Strong academic performance', '{"prelim_grade": 92.77, "midterm_grade": 94.96, "semi_final_grade": 95.61, "final_grade": 88.55, "attendance_rate": 95.53, "lab_score": 61.35, "internet_access": 1, "digital_literacy": 2, "household_income": 48279, "working_student": 1}');

INSERT INTO tbl_students (id, student_no, full_name, year_level, section, gender, household_income, parental_education, scholarship_status, working_student) VALUES (73, '2024-10073', 'Lisa Lopez', '4th Year', 'C', 'Female', 14092, 1, 'None', 0);
INSERT INTO tbl_surveys (student_id, internet_access, digital_literacy, device_availability, study_hours) VALUES (73, 1, 5, 'Tablet', 8.1);
INSERT INTO tbl_academic_records (id, student_id, academic_year, semester, prelim_grade, midterm_grade, semi_final_grade, final_grade, attendance_rate, lab_score) VALUES (73, 73, '2023-2024', '1st Semester', 75.76, 83.29, 75.85, 73.03, 81.73, 75.32);
INSERT INTO tbl_predictions (student_id, academic_record_id, predicted_status, confidence, recommendation, risk_factors, feature_payload) VALUES (73, 73, 'At-Risk', 0.8205, 'Attend peer tutoring and improve study habits.', 'Fluctuating grades, Moderate attendance', '{"prelim_grade": 75.76, "midterm_grade": 83.29, "semi_final_grade": 75.85, "final_grade": 73.03, "attendance_rate": 81.73, "lab_score": 75.32, "internet_access": 1, "digital_literacy": 5, "household_income": 14092, "working_student": 0}');

INSERT INTO tbl_students (id, student_no, full_name, year_level, section, gender, household_income, parental_education, scholarship_status, working_student) VALUES (74, '2024-10074', 'James Hernandez', '1st Year', 'D', 'Male', 40592, 3, 'Full Scholarship', 1);
INSERT INTO tbl_surveys (student_id, internet_access, digital_literacy, device_availability, study_hours) VALUES (74, 0, 3, 'Laptop', 4.7);
INSERT INTO tbl_academic_records (id, student_id, academic_year, semester, prelim_grade, midterm_grade, semi_final_grade, final_grade, attendance_rate, lab_score) VALUES (74, 74, '2023-2024', '1st Semester', 60.18, 73.21, 56.68, 67.32, 72.7, 82.25);
INSERT INTO tbl_predictions (student_id, academic_record_id, predicted_status, confidence, recommendation, risk_factors, feature_payload) VALUES (74, 74, 'Fail', 0.776, 'Urgent intervention required. Consult with advisor immediately.', 'Low academic scores, Poor attendance rate', '{"prelim_grade": 60.18, "midterm_grade": 73.21, "semi_final_grade": 56.68, "final_grade": 67.32, "attendance_rate": 72.7, "lab_score": 82.25, "internet_access": 0, "digital_literacy": 3, "household_income": 40592, "working_student": 1}');

INSERT INTO tbl_students (id, student_no, full_name, year_level, section, gender, household_income, parental_education, scholarship_status, working_student) VALUES (75, '2024-10075', 'Lisa King', '4th Year', 'A', 'Female', 45879, 1, 'None', 0);
INSERT INTO tbl_surveys (student_id, internet_access, digital_literacy, device_availability, study_hours) VALUES (75, 1, 5, 'Laptop & Smartphone', 13.9);
INSERT INTO tbl_academic_records (id, student_id, academic_year, semester, prelim_grade, midterm_grade, semi_final_grade, final_grade, attendance_rate, lab_score) VALUES (75, 75, '2023-2024', '1st Semester', 96.44, 93.82, 87.02, 97.69, 91.48, 92.03);
INSERT INTO tbl_predictions (student_id, academic_record_id, predicted_status, confidence, recommendation, risk_factors, feature_payload) VALUES (75, 75, 'Pass', 0.905, 'Keep up the excellent work! Participate in advanced workshops.', 'High attendance, Strong academic performance', '{"prelim_grade": 96.44, "midterm_grade": 93.82, "semi_final_grade": 87.02, "final_grade": 97.69, "attendance_rate": 91.48, "lab_score": 92.03, "internet_access": 1, "digital_literacy": 5, "household_income": 45879, "working_student": 0}');

INSERT INTO tbl_students (id, student_no, full_name, year_level, section, gender, household_income, parental_education, scholarship_status, working_student) VALUES (76, '2024-10076', 'Melissa Wilson', '3rd Year', 'A', 'Female', 62247, 2, 'Full Scholarship', 0);
INSERT INTO tbl_surveys (student_id, internet_access, digital_literacy, device_availability, study_hours) VALUES (76, 0, 3, 'Smartphone', 18.9);
INSERT INTO tbl_academic_records (id, student_id, academic_year, semester, prelim_grade, midterm_grade, semi_final_grade, final_grade, attendance_rate, lab_score) VALUES (76, 76, '2023-2024', '1st Semester', 76.31, 83.06, 78.77, 70.17, 76.31, 89.79);
INSERT INTO tbl_predictions (student_id, academic_record_id, predicted_status, confidence, recommendation, risk_factors, feature_payload) VALUES (76, 76, 'At-Risk', 0.713, 'Attend peer tutoring and improve study habits.', 'Fluctuating grades, Moderate attendance', '{"prelim_grade": 76.31, "midterm_grade": 83.06, "semi_final_grade": 78.77, "final_grade": 70.17, "attendance_rate": 76.31, "lab_score": 89.79, "internet_access": 0, "digital_literacy": 3, "household_income": 62247, "working_student": 0}');

INSERT INTO tbl_students (id, student_no, full_name, year_level, section, gender, household_income, parental_education, scholarship_status, working_student) VALUES (77, '2024-10077', 'Charles Sanchez', '2nd Year', 'C', 'Male', 48768, 4, 'None', 1);
INSERT INTO tbl_surveys (student_id, internet_access, digital_literacy, device_availability, study_hours) VALUES (77, 1, 2, 'Desktop', 18.1);
INSERT INTO tbl_academic_records (id, student_id, academic_year, semester, prelim_grade, midterm_grade, semi_final_grade, final_grade, attendance_rate, lab_score) VALUES (77, 77, '2023-2024', '1st Semester', 66.28, 62.74, 64.7, 54.8, 66.42, 63.13);
INSERT INTO tbl_predictions (student_id, academic_record_id, predicted_status, confidence, recommendation, risk_factors, feature_payload) VALUES (77, 77, 'Fail', 0.8, 'Urgent intervention required. Consult with advisor immediately.', 'Low academic scores, Poor attendance rate', '{"prelim_grade": 66.28, "midterm_grade": 62.74, "semi_final_grade": 64.7, "final_grade": 54.8, "attendance_rate": 66.42, "lab_score": 63.13, "internet_access": 1, "digital_literacy": 2, "household_income": 48768, "working_student": 1}');

INSERT INTO tbl_students (id, student_no, full_name, year_level, section, gender, household_income, parental_education, scholarship_status, working_student) VALUES (78, '2024-10078', 'Carol Sanchez', '2nd Year', 'A', 'Male', 28059, 1, 'Partial Scholarship', 0);
INSERT INTO tbl_surveys (student_id, internet_access, digital_literacy, device_availability, study_hours) VALUES (78, 0, 1, 'Desktop', 8.6);
INSERT INTO tbl_academic_records (id, student_id, academic_year, semester, prelim_grade, midterm_grade, semi_final_grade, final_grade, attendance_rate, lab_score) VALUES (78, 78, '2023-2024', '1st Semester', 91.61, 89.35, 90.91, 94.01, 92.39, 90.77);
INSERT INTO tbl_predictions (student_id, academic_record_id, predicted_status, confidence, recommendation, risk_factors, feature_payload) VALUES (78, 78, 'Pass', 0.937, 'Keep up the excellent work! Participate in advanced workshops.', 'High attendance, Strong academic performance', '{"prelim_grade": 91.61, "midterm_grade": 89.35, "semi_final_grade": 90.91, "final_grade": 94.01, "attendance_rate": 92.39, "lab_score": 90.77, "internet_access": 0, "digital_literacy": 1, "household_income": 28059, "working_student": 0}');

INSERT INTO tbl_students (id, student_no, full_name, year_level, section, gender, household_income, parental_education, scholarship_status, working_student) VALUES (79, '2024-10079', 'James Mitchell', '1st Year', 'A', 'Male', 61201, 2, 'Full Scholarship', 1);
INSERT INTO tbl_surveys (student_id, internet_access, digital_literacy, device_availability, study_hours) VALUES (79, 0, 5, 'Smartphone', 15.2);
INSERT INTO tbl_academic_records (id, student_id, academic_year, semester, prelim_grade, midterm_grade, semi_final_grade, final_grade, attendance_rate, lab_score) VALUES (79, 79, '2023-2024', '1st Semester', 80.12, 83.21, 71.27, 76.15, 86.4, 75.28);
INSERT INTO tbl_predictions (student_id, academic_record_id, predicted_status, confidence, recommendation, risk_factors, feature_payload) VALUES (79, 79, 'At-Risk', 0.6908, 'Attend peer tutoring and improve study habits.', 'Fluctuating grades, Moderate attendance', '{"prelim_grade": 80.12, "midterm_grade": 83.21, "semi_final_grade": 71.27, "final_grade": 76.15, "attendance_rate": 86.4, "lab_score": 75.28, "internet_access": 0, "digital_literacy": 5, "household_income": 61201, "working_student": 1}');

INSERT INTO tbl_students (id, student_no, full_name, year_level, section, gender, household_income, parental_education, scholarship_status, working_student) VALUES (80, '2024-10080', 'Robert Baker', '4th Year', 'B', 'Male', 17804, 5, 'Partial Scholarship', 1);
INSERT INTO tbl_surveys (student_id, internet_access, digital_literacy, device_availability, study_hours) VALUES (80, 0, 3, 'Laptop & Smartphone', 16.2);
INSERT INTO tbl_academic_records (id, student_id, academic_year, semester, prelim_grade, midterm_grade, semi_final_grade, final_grade, attendance_rate, lab_score) VALUES (80, 80, '2023-2024', '1st Semester', 62.22, 67.76, 56.4, 58.58, 52.89, 69.85);
INSERT INTO tbl_predictions (student_id, academic_record_id, predicted_status, confidence, recommendation, risk_factors, feature_payload) VALUES (80, 80, 'Fail', 0.7101, 'Urgent intervention required. Consult with advisor immediately.', 'Low academic scores, Poor attendance rate', '{"prelim_grade": 62.22, "midterm_grade": 67.76, "semi_final_grade": 56.4, "final_grade": 58.58, "attendance_rate": 52.89, "lab_score": 69.85, "internet_access": 0, "digital_literacy": 3, "household_income": 17804, "working_student": 1}');

INSERT INTO tbl_students (id, student_no, full_name, year_level, section, gender, household_income, parental_education, scholarship_status, working_student) VALUES (81, '2024-10081', 'Sarah Taylor', '2nd Year', 'B', 'Male', 34164, 5, 'Partial Scholarship', 1);
INSERT INTO tbl_surveys (student_id, internet_access, digital_literacy, device_availability, study_hours) VALUES (81, 1, 4, 'Desktop', 19.3);
INSERT INTO tbl_academic_records (id, student_id, academic_year, semester, prelim_grade, midterm_grade, semi_final_grade, final_grade, attendance_rate, lab_score) VALUES (81, 81, '2023-2024', '1st Semester', 92.25, 85.88, 92.77, 95.72, 98.13, 89.22);
INSERT INTO tbl_predictions (student_id, academic_record_id, predicted_status, confidence, recommendation, risk_factors, feature_payload) VALUES (81, 81, 'Pass', 0.8882, 'Keep up the excellent work! Participate in advanced workshops.', 'High attendance, Strong academic performance', '{"prelim_grade": 92.25, "midterm_grade": 85.88, "semi_final_grade": 92.77, "final_grade": 95.72, "attendance_rate": 98.13, "lab_score": 89.22, "internet_access": 1, "digital_literacy": 4, "household_income": 34164, "working_student": 1}');

INSERT INTO tbl_students (id, student_no, full_name, year_level, section, gender, household_income, parental_education, scholarship_status, working_student) VALUES (82, '2024-10082', 'Kenneth Brown', '2nd Year', 'D', 'Male', 33046, 5, 'DOST Scholarship', 1);
INSERT INTO tbl_surveys (student_id, internet_access, digital_literacy, device_availability, study_hours) VALUES (82, 1, 4, 'Laptop & Smartphone', 6.0);
INSERT INTO tbl_academic_records (id, student_id, academic_year, semester, prelim_grade, midterm_grade, semi_final_grade, final_grade, attendance_rate, lab_score) VALUES (82, 82, '2023-2024', '1st Semester', 78.95, 75.64, 79.77, 76.03, 88.9, 66.59);
INSERT INTO tbl_predictions (student_id, academic_record_id, predicted_status, confidence, recommendation, risk_factors, feature_payload) VALUES (82, 82, 'At-Risk', 0.6406, 'Attend peer tutoring and improve study habits.', 'Fluctuating grades, Moderate attendance', '{"prelim_grade": 78.95, "midterm_grade": 75.64, "semi_final_grade": 79.77, "final_grade": 76.03, "attendance_rate": 88.9, "lab_score": 66.59, "internet_access": 1, "digital_literacy": 4, "household_income": 33046, "working_student": 1}');

INSERT INTO tbl_students (id, student_no, full_name, year_level, section, gender, household_income, parental_education, scholarship_status, working_student) VALUES (83, '2024-10083', 'Kenneth King', '2nd Year', 'B', 'Male', 44457, 2, 'Full Scholarship', 1);
INSERT INTO tbl_surveys (student_id, internet_access, digital_literacy, device_availability, study_hours) VALUES (83, 1, 2, 'Laptop', 13.4);
INSERT INTO tbl_academic_records (id, student_id, academic_year, semester, prelim_grade, midterm_grade, semi_final_grade, final_grade, attendance_rate, lab_score) VALUES (83, 83, '2023-2024', '1st Semester', 62.97, 72.98, 67.74, 53.86, 60.84, 80.02);
INSERT INTO tbl_predictions (student_id, academic_record_id, predicted_status, confidence, recommendation, risk_factors, feature_payload) VALUES (83, 83, 'Fail', 0.8593, 'Urgent intervention required. Consult with advisor immediately.', 'Low academic scores, Poor attendance rate', '{"prelim_grade": 62.97, "midterm_grade": 72.98, "semi_final_grade": 67.74, "final_grade": 53.86, "attendance_rate": 60.84, "lab_score": 80.02, "internet_access": 1, "digital_literacy": 2, "household_income": 44457, "working_student": 1}');

INSERT INTO tbl_students (id, student_no, full_name, year_level, section, gender, household_income, parental_education, scholarship_status, working_student) VALUES (84, '2024-10084', 'Lisa Scott', '2nd Year', 'D', 'Female', 44240, 4, 'None', 1);
INSERT INTO tbl_surveys (student_id, internet_access, digital_literacy, device_availability, study_hours) VALUES (84, 0, 2, 'Laptop', 9.7);
INSERT INTO tbl_academic_records (id, student_id, academic_year, semester, prelim_grade, midterm_grade, semi_final_grade, final_grade, attendance_rate, lab_score) VALUES (84, 84, '2023-2024', '1st Semester', 91.22, 89.29, 90.85, 94.11, 90.89, 75.58);
INSERT INTO tbl_predictions (student_id, academic_record_id, predicted_status, confidence, recommendation, risk_factors, feature_payload) VALUES (84, 84, 'Pass', 0.9806, 'Keep up the excellent work! Participate in advanced workshops.', 'High attendance, Strong academic performance', '{"prelim_grade": 91.22, "midterm_grade": 89.29, "semi_final_grade": 90.85, "final_grade": 94.11, "attendance_rate": 90.89, "lab_score": 75.58, "internet_access": 0, "digital_literacy": 2, "household_income": 44240, "working_student": 1}');

INSERT INTO tbl_students (id, student_no, full_name, year_level, section, gender, household_income, parental_education, scholarship_status, working_student) VALUES (85, '2024-10085', 'Joseph Baker', '3rd Year', 'D', 'Female', 26362, 2, 'None', 0);
INSERT INTO tbl_surveys (student_id, internet_access, digital_literacy, device_availability, study_hours) VALUES (85, 0, 5, 'Desktop', 12.2);
INSERT INTO tbl_academic_records (id, student_id, academic_year, semester, prelim_grade, midterm_grade, semi_final_grade, final_grade, attendance_rate, lab_score) VALUES (85, 85, '2023-2024', '1st Semester', 75.57, 76.07, 73.06, 78.42, 82.39, 99.68);
INSERT INTO tbl_predictions (student_id, academic_record_id, predicted_status, confidence, recommendation, risk_factors, feature_payload) VALUES (85, 85, 'At-Risk', 0.7682, 'Attend peer tutoring and improve study habits.', 'Fluctuating grades, Moderate attendance', '{"prelim_grade": 75.57, "midterm_grade": 76.07, "semi_final_grade": 73.06, "final_grade": 78.42, "attendance_rate": 82.39, "lab_score": 99.68, "internet_access": 0, "digital_literacy": 5, "household_income": 26362, "working_student": 0}');

INSERT INTO tbl_students (id, student_no, full_name, year_level, section, gender, household_income, parental_education, scholarship_status, working_student) VALUES (86, '2024-10086', 'Patricia Hernandez', '2nd Year', 'A', 'Female', 37579, 5, 'DOST Scholarship', 0);
INSERT INTO tbl_surveys (student_id, internet_access, digital_literacy, device_availability, study_hours) VALUES (86, 0, 5, 'Smartphone', 7.9);
INSERT INTO tbl_academic_records (id, student_id, academic_year, semester, prelim_grade, midterm_grade, semi_final_grade, final_grade, attendance_rate, lab_score) VALUES (86, 86, '2023-2024', '1st Semester', 66.27, 68.97, 50.08, 59.73, 63.49, 72.22);
INSERT INTO tbl_predictions (student_id, academic_record_id, predicted_status, confidence, recommendation, risk_factors, feature_payload) VALUES (86, 86, 'Fail', 0.9384, 'Urgent intervention required. Consult with advisor immediately.', 'Low academic scores, Poor attendance rate', '{"prelim_grade": 66.27, "midterm_grade": 68.97, "semi_final_grade": 50.08, "final_grade": 59.73, "attendance_rate": 63.49, "lab_score": 72.22, "internet_access": 0, "digital_literacy": 5, "household_income": 37579, "working_student": 0}');

INSERT INTO tbl_students (id, student_no, full_name, year_level, section, gender, household_income, parental_education, scholarship_status, working_student) VALUES (87, '2024-10087', 'Jennifer Adams', '2nd Year', 'D', 'Female', 23051, 2, 'Partial Scholarship', 1);
INSERT INTO tbl_surveys (student_id, internet_access, digital_literacy, device_availability, study_hours) VALUES (87, 0, 5, 'Desktop', 14.1);
INSERT INTO tbl_academic_records (id, student_id, academic_year, semester, prelim_grade, midterm_grade, semi_final_grade, final_grade, attendance_rate, lab_score) VALUES (87, 87, '2023-2024', '1st Semester', 95.47, 94.8, 91.05, 94.14, 94.68, 71.32);
INSERT INTO tbl_predictions (student_id, academic_record_id, predicted_status, confidence, recommendation, risk_factors, feature_payload) VALUES (87, 87, 'Pass', 0.9375, 'Keep up the excellent work! Participate in advanced workshops.', 'High attendance, Strong academic performance', '{"prelim_grade": 95.47, "midterm_grade": 94.8, "semi_final_grade": 91.05, "final_grade": 94.14, "attendance_rate": 94.68, "lab_score": 71.32, "internet_access": 0, "digital_literacy": 5, "household_income": 23051, "working_student": 1}');

INSERT INTO tbl_students (id, student_no, full_name, year_level, section, gender, household_income, parental_education, scholarship_status, working_student) VALUES (88, '2024-10088', 'Ashley Hill', '3rd Year', 'C', 'Male', 48986, 2, 'DOST Scholarship', 0);
INSERT INTO tbl_surveys (student_id, internet_access, digital_literacy, device_availability, study_hours) VALUES (88, 0, 2, 'Laptop & Smartphone', 5.9);
INSERT INTO tbl_academic_records (id, student_id, academic_year, semester, prelim_grade, midterm_grade, semi_final_grade, final_grade, attendance_rate, lab_score) VALUES (88, 88, '2023-2024', '1st Semester', 78.61, 83.8, 78.68, 72.07, 82.34, 83.62);
INSERT INTO tbl_predictions (student_id, academic_record_id, predicted_status, confidence, recommendation, risk_factors, feature_payload) VALUES (88, 88, 'At-Risk', 0.8324, 'Attend peer tutoring and improve study habits.', 'Fluctuating grades, Moderate attendance', '{"prelim_grade": 78.61, "midterm_grade": 83.8, "semi_final_grade": 78.68, "final_grade": 72.07, "attendance_rate": 82.34, "lab_score": 83.62, "internet_access": 0, "digital_literacy": 2, "household_income": 48986, "working_student": 0}');

INSERT INTO tbl_students (id, student_no, full_name, year_level, section, gender, household_income, parental_education, scholarship_status, working_student) VALUES (89, '2024-10089', 'John Carter', '3rd Year', 'A', 'Male', 13807, 3, 'Partial Scholarship', 0);
INSERT INTO tbl_surveys (student_id, internet_access, digital_literacy, device_availability, study_hours) VALUES (89, 0, 4, 'Tablet', 14.6);
INSERT INTO tbl_academic_records (id, student_id, academic_year, semester, prelim_grade, midterm_grade, semi_final_grade, final_grade, attendance_rate, lab_score) VALUES (89, 89, '2023-2024', '1st Semester', 65.09, 70.28, 55.52, 50.38, 73.11, 79.0);
INSERT INTO tbl_predictions (student_id, academic_record_id, predicted_status, confidence, recommendation, risk_factors, feature_payload) VALUES (89, 89, 'Fail', 0.7034, 'Urgent intervention required. Consult with advisor immediately.', 'Low academic scores, Poor attendance rate', '{"prelim_grade": 65.09, "midterm_grade": 70.28, "semi_final_grade": 55.52, "final_grade": 50.38, "attendance_rate": 73.11, "lab_score": 79.0, "internet_access": 0, "digital_literacy": 4, "household_income": 13807, "working_student": 0}');

INSERT INTO tbl_students (id, student_no, full_name, year_level, section, gender, household_income, parental_education, scholarship_status, working_student) VALUES (90, '2024-10090', 'Brian Brown', '4th Year', 'D', 'Male', 58748, 2, 'Full Scholarship', 1);
INSERT INTO tbl_surveys (student_id, internet_access, digital_literacy, device_availability, study_hours) VALUES (90, 0, 3, 'Tablet', 8.2);
INSERT INTO tbl_academic_records (id, student_id, academic_year, semester, prelim_grade, midterm_grade, semi_final_grade, final_grade, attendance_rate, lab_score) VALUES (90, 90, '2023-2024', '1st Semester', 85.85, 97.59, 94.78, 85.51, 91.91, 85.71);
INSERT INTO tbl_predictions (student_id, academic_record_id, predicted_status, confidence, recommendation, risk_factors, feature_payload) VALUES (90, 90, 'Pass', 0.8785, 'Keep up the excellent work! Participate in advanced workshops.', 'High attendance, Strong academic performance', '{"prelim_grade": 85.85, "midterm_grade": 97.59, "semi_final_grade": 94.78, "final_grade": 85.51, "attendance_rate": 91.91, "lab_score": 85.71, "internet_access": 0, "digital_literacy": 3, "household_income": 58748, "working_student": 1}');

INSERT INTO tbl_students (id, student_no, full_name, year_level, section, gender, household_income, parental_education, scholarship_status, working_student) VALUES (91, '2024-10091', 'Margaret Lee', '2nd Year', 'B', 'Female', 24315, 4, 'Full Scholarship', 0);
INSERT INTO tbl_surveys (student_id, internet_access, digital_literacy, device_availability, study_hours) VALUES (91, 0, 1, 'Laptop', 17.6);
INSERT INTO tbl_academic_records (id, student_id, academic_year, semester, prelim_grade, midterm_grade, semi_final_grade, final_grade, attendance_rate, lab_score) VALUES (91, 91, '2023-2024', '1st Semester', 81.27, 75.85, 71.64, 75.66, 81.58, 97.86);
INSERT INTO tbl_predictions (student_id, academic_record_id, predicted_status, confidence, recommendation, risk_factors, feature_payload) VALUES (91, 91, 'At-Risk', 0.7891, 'Attend peer tutoring and improve study habits.', 'Fluctuating grades, Moderate attendance', '{"prelim_grade": 81.27, "midterm_grade": 75.85, "semi_final_grade": 71.64, "final_grade": 75.66, "attendance_rate": 81.58, "lab_score": 97.86, "internet_access": 0, "digital_literacy": 1, "household_income": 24315, "working_student": 0}');

INSERT INTO tbl_students (id, student_no, full_name, year_level, section, gender, household_income, parental_education, scholarship_status, working_student) VALUES (92, '2024-10092', 'Margaret Davis', '2nd Year', 'D', 'Female', 35637, 1, 'Full Scholarship', 1);
INSERT INTO tbl_surveys (student_id, internet_access, digital_literacy, device_availability, study_hours) VALUES (92, 0, 5, 'Laptop', 3.8);
INSERT INTO tbl_academic_records (id, student_id, academic_year, semester, prelim_grade, midterm_grade, semi_final_grade, final_grade, attendance_rate, lab_score) VALUES (92, 92, '2023-2024', '1st Semester', 71.65, 66.04, 50.61, 66.1, 54.82, 60.31);
INSERT INTO tbl_predictions (student_id, academic_record_id, predicted_status, confidence, recommendation, risk_factors, feature_payload) VALUES (92, 92, 'Fail', 0.9382, 'Urgent intervention required. Consult with advisor immediately.', 'Low academic scores, Poor attendance rate', '{"prelim_grade": 71.65, "midterm_grade": 66.04, "semi_final_grade": 50.61, "final_grade": 66.1, "attendance_rate": 54.82, "lab_score": 60.31, "internet_access": 0, "digital_literacy": 5, "household_income": 35637, "working_student": 1}');

INSERT INTO tbl_students (id, student_no, full_name, year_level, section, gender, household_income, parental_education, scholarship_status, working_student) VALUES (93, '2024-10093', 'Barbara Carter', '3rd Year', 'D', 'Male', 31572, 2, 'Full Scholarship', 1);
INSERT INTO tbl_surveys (student_id, internet_access, digital_literacy, device_availability, study_hours) VALUES (93, 1, 1, 'Laptop & Smartphone', 6.9);
INSERT INTO tbl_academic_records (id, student_id, academic_year, semester, prelim_grade, midterm_grade, semi_final_grade, final_grade, attendance_rate, lab_score) VALUES (93, 93, '2023-2024', '1st Semester', 95.92, 94.25, 95.31, 86.87, 90.56, 60.35);
INSERT INTO tbl_predictions (student_id, academic_record_id, predicted_status, confidence, recommendation, risk_factors, feature_payload) VALUES (93, 93, 'Pass', 0.8063, 'Keep up the excellent work! Participate in advanced workshops.', 'High attendance, Strong academic performance', '{"prelim_grade": 95.92, "midterm_grade": 94.25, "semi_final_grade": 95.31, "final_grade": 86.87, "attendance_rate": 90.56, "lab_score": 60.35, "internet_access": 1, "digital_literacy": 1, "household_income": 31572, "working_student": 1}');

INSERT INTO tbl_students (id, student_no, full_name, year_level, section, gender, household_income, parental_education, scholarship_status, working_student) VALUES (94, '2024-10094', 'Margaret Robinson', '3rd Year', 'B', 'Female', 11647, 4, 'Full Scholarship', 0);
INSERT INTO tbl_surveys (student_id, internet_access, digital_literacy, device_availability, study_hours) VALUES (94, 1, 2, 'Desktop', 20.0);
INSERT INTO tbl_academic_records (id, student_id, academic_year, semester, prelim_grade, midterm_grade, semi_final_grade, final_grade, attendance_rate, lab_score) VALUES (94, 94, '2023-2024', '1st Semester', 83.53, 78.09, 70.82, 77.94, 82.64, 97.81);
INSERT INTO tbl_predictions (student_id, academic_record_id, predicted_status, confidence, recommendation, risk_factors, feature_payload) VALUES (94, 94, 'At-Risk', 0.8, 'Attend peer tutoring and improve study habits.', 'Fluctuating grades, Moderate attendance', '{"prelim_grade": 83.53, "midterm_grade": 78.09, "semi_final_grade": 70.82, "final_grade": 77.94, "attendance_rate": 82.64, "lab_score": 97.81, "internet_access": 1, "digital_literacy": 2, "household_income": 11647, "working_student": 0}');

INSERT INTO tbl_students (id, student_no, full_name, year_level, section, gender, household_income, parental_education, scholarship_status, working_student) VALUES (95, '2024-10095', 'Elizabeth Baker', '4th Year', 'D', 'Female', 44169, 4, 'None', 1);
INSERT INTO tbl_surveys (student_id, internet_access, digital_literacy, device_availability, study_hours) VALUES (95, 1, 2, 'Tablet', 7.2);
INSERT INTO tbl_academic_records (id, student_id, academic_year, semester, prelim_grade, midterm_grade, semi_final_grade, final_grade, attendance_rate, lab_score) VALUES (95, 95, '2023-2024', '1st Semester', 61.89, 66.49, 53.58, 64.11, 60.6, 70.76);
INSERT INTO tbl_predictions (student_id, academic_record_id, predicted_status, confidence, recommendation, risk_factors, feature_payload) VALUES (95, 95, 'Fail', 0.8284, 'Urgent intervention required. Consult with advisor immediately.', 'Low academic scores, Poor attendance rate', '{"prelim_grade": 61.89, "midterm_grade": 66.49, "semi_final_grade": 53.58, "final_grade": 64.11, "attendance_rate": 60.6, "lab_score": 70.76, "internet_access": 1, "digital_literacy": 2, "household_income": 44169, "working_student": 1}');

INSERT INTO tbl_students (id, student_no, full_name, year_level, section, gender, household_income, parental_education, scholarship_status, working_student) VALUES (96, '2024-10096', 'George Jones', '4th Year', 'B', 'Female', 20360, 5, 'Full Scholarship', 1);
INSERT INTO tbl_surveys (student_id, internet_access, digital_literacy, device_availability, study_hours) VALUES (96, 1, 2, 'Smartphone', 18.4);
INSERT INTO tbl_academic_records (id, student_id, academic_year, semester, prelim_grade, midterm_grade, semi_final_grade, final_grade, attendance_rate, lab_score) VALUES (96, 96, '2023-2024', '1st Semester', 85.29, 90.68, 94.33, 93.46, 93.51, 63.3);
INSERT INTO tbl_predictions (student_id, academic_record_id, predicted_status, confidence, recommendation, risk_factors, feature_payload) VALUES (96, 96, 'Pass', 0.9884, 'Keep up the excellent work! Participate in advanced workshops.', 'High attendance, Strong academic performance', '{"prelim_grade": 85.29, "midterm_grade": 90.68, "semi_final_grade": 94.33, "final_grade": 93.46, "attendance_rate": 93.51, "lab_score": 63.3, "internet_access": 1, "digital_literacy": 2, "household_income": 20360, "working_student": 1}');

INSERT INTO tbl_students (id, student_no, full_name, year_level, section, gender, household_income, parental_education, scholarship_status, working_student) VALUES (97, '2024-10097', 'Betty Anderson', '3rd Year', 'D', 'Male', 38814, 4, 'Partial Scholarship', 0);
INSERT INTO tbl_surveys (student_id, internet_access, digital_literacy, device_availability, study_hours) VALUES (97, 0, 1, 'Desktop', 3.9);
INSERT INTO tbl_academic_records (id, student_id, academic_year, semester, prelim_grade, midterm_grade, semi_final_grade, final_grade, attendance_rate, lab_score) VALUES (97, 97, '2023-2024', '1st Semester', 83.9, 79.36, 79.49, 71.52, 76.14, 62.34);
INSERT INTO tbl_predictions (student_id, academic_record_id, predicted_status, confidence, recommendation, risk_factors, feature_payload) VALUES (97, 97, 'At-Risk', 0.6575, 'Attend peer tutoring and improve study habits.', 'Fluctuating grades, Moderate attendance', '{"prelim_grade": 83.9, "midterm_grade": 79.36, "semi_final_grade": 79.49, "final_grade": 71.52, "attendance_rate": 76.14, "lab_score": 62.34, "internet_access": 0, "digital_literacy": 1, "household_income": 38814, "working_student": 0}');

INSERT INTO tbl_students (id, student_no, full_name, year_level, section, gender, household_income, parental_education, scholarship_status, working_student) VALUES (98, '2024-10098', 'Daniel Rodriguez', '4th Year', 'B', 'Female', 12112, 2, 'DOST Scholarship', 1);
INSERT INTO tbl_surveys (student_id, internet_access, digital_literacy, device_availability, study_hours) VALUES (98, 0, 4, 'Desktop', 8.7);
INSERT INTO tbl_academic_records (id, student_id, academic_year, semester, prelim_grade, midterm_grade, semi_final_grade, final_grade, attendance_rate, lab_score) VALUES (98, 98, '2023-2024', '1st Semester', 60.44, 70.8, 65.11, 55.09, 62.67, 99.12);
INSERT INTO tbl_predictions (student_id, academic_record_id, predicted_status, confidence, recommendation, risk_factors, feature_payload) VALUES (98, 98, 'Fail', 0.7402, 'Urgent intervention required. Consult with advisor immediately.', 'Low academic scores, Poor attendance rate', '{"prelim_grade": 60.44, "midterm_grade": 70.8, "semi_final_grade": 65.11, "final_grade": 55.09, "attendance_rate": 62.67, "lab_score": 99.12, "internet_access": 0, "digital_literacy": 4, "household_income": 12112, "working_student": 1}');

INSERT INTO tbl_students (id, student_no, full_name, year_level, section, gender, household_income, parental_education, scholarship_status, working_student) VALUES (99, '2024-10099', 'Paul Wright', '1st Year', 'D', 'Female', 36146, 4, 'Partial Scholarship', 1);
INSERT INTO tbl_surveys (student_id, internet_access, digital_literacy, device_availability, study_hours) VALUES (99, 0, 4, 'Desktop', 12.8);
INSERT INTO tbl_academic_records (id, student_id, academic_year, semester, prelim_grade, midterm_grade, semi_final_grade, final_grade, attendance_rate, lab_score) VALUES (99, 99, '2023-2024', '1st Semester', 87.25, 94.91, 94.43, 89.91, 97.25, 81.62);
INSERT INTO tbl_predictions (student_id, academic_record_id, predicted_status, confidence, recommendation, risk_factors, feature_payload) VALUES (99, 99, 'Pass', 0.8785, 'Keep up the excellent work! Participate in advanced workshops.', 'High attendance, Strong academic performance', '{"prelim_grade": 87.25, "midterm_grade": 94.91, "semi_final_grade": 94.43, "final_grade": 89.91, "attendance_rate": 97.25, "lab_score": 81.62, "internet_access": 0, "digital_literacy": 4, "household_income": 36146, "working_student": 1}');

INSERT INTO tbl_students (id, student_no, full_name, year_level, section, gender, household_income, parental_education, scholarship_status, working_student) VALUES (100, '2024-10100', 'Steven Walker', '4th Year', 'B', 'Male', 38257, 1, 'Full Scholarship', 0);
INSERT INTO tbl_surveys (student_id, internet_access, digital_literacy, device_availability, study_hours) VALUES (100, 1, 5, 'Laptop', 8.9);
INSERT INTO tbl_academic_records (id, student_id, academic_year, semester, prelim_grade, midterm_grade, semi_final_grade, final_grade, attendance_rate, lab_score) VALUES (100, 100, '2023-2024', '1st Semester', 78.85, 80.49, 77.94, 77.06, 86.42, 65.31);
INSERT INTO tbl_predictions (student_id, academic_record_id, predicted_status, confidence, recommendation, risk_factors, feature_payload) VALUES (100, 100, 'At-Risk', 0.6015, 'Attend peer tutoring and improve study habits.', 'Fluctuating grades, Moderate attendance', '{"prelim_grade": 78.85, "midterm_grade": 80.49, "semi_final_grade": 77.94, "final_grade": 77.06, "attendance_rate": 86.42, "lab_score": 65.31, "internet_access": 1, "digital_literacy": 5, "household_income": 38257, "working_student": 0}');

